date,commune,code_insee,rue,section,numero,colonne,role_code,en_tete
2026-08-20T15:24:29+00:00,Argis,01017,Chemin Voie des Prés d'Argis,ZD,0069,GS,degagement_secteur,Installations de navigation et d'atterrissage-Secteur de dégagement-T8
2026-08-20T15:24:29+00:00,Argis,01017,Chemin Voie des Prés d'Argis,ZD,0069,GQ,degagement_zone_secondaire,Installations de navigation et d'atterrissage-Zone secondaire de dégagement-T8
2026-08-20T15:24:29+00:00,Argis,01017,Chemin Voie des Prés d'Argis,ZD,0069,GR,degagement_zone_speciale,Installations de navigation et d'atterrissage-Zone spéciale de dégagement
2026-08-20T15:24:29+00:00,Argis,01017,Chemin Voie des Prés d'Argis,ZD,0069,GP,icone::GP,Installations de navigation et d'atterrissage-Zone primaire de dégagemement-T8
2026-08-20T15:24:29+00:00,Argis,01017,Chemin Voie des Prés d'Argis,ZD,0069,CL,immeuble_interieur_protege_totalite,"Immeuble bâti dont les parties intérieures sont protégées en totalité, à conserver, restaurer et mettre en valeur"
2026-08-20T15:24:29+00:00,Argis,01017,Chemin Voie des Prés d'Argis,ZD,0069,HZ,zones_sans_enquete_terrain,Zones sans enquête terrain
2026-08-20T15:26:13+00:00,Argis,01017,Chemin Voie des Prés d'Argis,ZD,0058,GS,degagement_secteur,Installations de navigation et d'atterrissage-Secteur de dégagement-T8
2026-08-20T15:26:13+00:00,Argis,01017,Chemin Voie des Prés d'Argis,ZD,0058,GQ,degagement_zone_secondaire,Installations de navigation et d'atterrissage-Zone secondaire de dégagement-T8
2026-08-20T15:26:13+00:00,Argis,01017,Chemin Voie des Prés d'Argis,ZD,0058,GR,degagement_zone_speciale,Installations de navigation et d'atterrissage-Zone spéciale de dégagement
2026-08-20T15:26:13+00:00,Argis,01017,Chemin Voie des Prés d'Argis,ZD,0058,GP,icone::GP,Installations de navigation et d'atterrissage-Zone primaire de dégagemement-T8
2026-08-20T15:26:13+00:00,Argis,01017,Chemin Voie des Prés d'Argis,ZD,0058,CL,immeuble_interieur_protege_totalite,"Immeuble bâti dont les parties intérieures sont protégées en totalité, à conserver, restaurer et mettre en valeur"
2026-08-20T15:26:13+00:00,Argis,01017,Chemin Voie des Prés d'Argis,ZD,0058,HZ,zones_sans_enquete_terrain,Zones sans enquête terrain
2026-08-20T15:27:52+00:00,Argis,01017,Chemin Voie des Prés d'Argis,ZD,0059,GS,degagement_secteur,Installations de navigation et d'atterrissage-Secteur de dégagement-T8
2026-08-20T15:27:52+00:00,Argis,01017,Chemin Voie des Prés d'Argis,ZD,0059,GQ,degagement_zone_secondaire,Installations de navigation et d'atterrissage-Zone secondaire de dégagement-T8
2026-08-20T15:27:52+00:00,Argis,01017,Chemin Voie des Prés d'Argis,ZD,0059,GR,degagement_zone_speciale,Installations de navigation et d'atterrissage-Zone spéciale de dégagement
2026-08-20T15:27:52+00:00,Argis,01017,Chemin Voie des Prés d'Argis,ZD,0059,GP,icone::GP,Installations de navigation et d'atterrissage-Zone primaire de dégagemement-T8
2026-08-20T15:27:52+00:00,Argis,01017,Chemin Voie des Prés d'Argis,ZD,0059,CL,immeuble_interieur_protege_totalite,"Immeuble bâti dont les parties intérieures sont protégées en totalité, à conserver, restaurer et mettre en valeur"
2026-08-20T15:27:52+00:00,Argis,01017,Chemin Voie des Prés d'Argis,ZD,0059,HZ,zones_sans_enquete_terrain,Zones sans enquête terrain
2026-08-20T15:29:36+00:00,Argis,01017,Chemin Voie des Prés d'Argis,ZD,0083,GS,degagement_secteur,Installations de navigation et d'atterrissage-Secteur de dégagement-T8
2026-08-20T15:29:36+00:00,Argis,01017,Chemin Voie des Prés d'Argis,ZD,0083,GQ,degagement_zone_secondaire,Installations de navigation et d'atterrissage-Zone secondaire de dégagement-T8
2026-08-20T15:29:36+00:00,Argis,01017,Chemin Voie des Prés d'Argis,ZD,0083,GR,degagement_zone_speciale,Installations de navigation et d'atterrissage-Zone spéciale de dégagement
2026-08-20T15:29:36+00:00,Argis,01017,Chemin Voie des Prés d'Argis,ZD,0083,GP,icone::GP,Installations de navigation et d'atterrissage-Zone primaire de dégagemement-T8
2026-08-20T15:29:36+00:00,Argis,01017,Chemin Voie des Prés d'Argis,ZD,0083,CL,immeuble_interieur_protege_totalite,"Immeuble bâti dont les parties intérieures sont protégées en totalité, à conserver, restaurer et mettre en valeur"
2026-08-20T15:29:36+00:00,Argis,01017,Chemin Voie des Prés d'Argis,ZD,0083,HZ,zones_sans_enquete_terrain,Zones sans enquête terrain
2026-08-20T15:31:18+00:00,Argis,01017,Chemin Voie des Prés d'Argis,ZD,0024,GS,degagement_secteur,Installations de navigation et d'atterrissage-Secteur de dégagement-T8
2026-08-20T15:31:18+00:00,Argis,01017,Chemin Voie des Prés d'Argis,ZD,0024,GQ,degagement_zone_secondaire,Installations de navigation et d'atterrissage-Zone secondaire de dégagement-T8
2026-08-20T15:31:18+00:00,Argis,01017,Chemin Voie des Prés d'Argis,ZD,0024,GR,degagement_zone_speciale,Installations de navigation et d'atterrissage-Zone spéciale de dégagement
2026-08-20T15:31:18+00:00,Argis,01017,Chemin Voie des Prés d'Argis,ZD,0024,GP,icone::GP,Installations de navigation et d'atterrissage-Zone primaire de dégagemement-T8
2026-08-20T15:31:18+00:00,Argis,01017,Chemin Voie des Prés d'Argis,ZD,0024,CL,immeuble_interieur_protege_totalite,"Immeuble bâti dont les parties intérieures sont protégées en totalité, à conserver, restaurer et mettre en valeur"
2026-08-20T15:31:18+00:00,Argis,01017,Chemin Voie des Prés d'Argis,ZD,0024,HZ,zones_sans_enquete_terrain,Zones sans enquête terrain
2026-08-20T15:32:59+00:00,Argis,01017,Chemin Voie des Prés d'Argis,ZD,0037,GS,degagement_secteur,Installations de navigation et d'atterrissage-Secteur de dégagement-T8
2026-08-20T15:32:59+00:00,Argis,01017,Chemin Voie des Prés d'Argis,ZD,0037,GQ,degagement_zone_secondaire,Installations de navigation et d'atterrissage-Zone secondaire de dégagement-T8
2026-08-20T15:32:59+00:00,Argis,01017,Chemin Voie des Prés d'Argis,ZD,0037,GR,degagement_zone_speciale,Installations de navigation et d'atterrissage-Zone spéciale de dégagement
2026-08-20T15:32:59+00:00,Argis,01017,Chemin Voie des Prés d'Argis,ZD,0037,GP,icone::GP,Installations de navigation et d'atterrissage-Zone primaire de dégagemement-T8
2026-08-20T15:32:59+00:00,Argis,01017,Chemin Voie des Prés d'Argis,ZD,0037,CL,immeuble_interieur_protege_totalite,"Immeuble bâti dont les parties intérieures sont protégées en totalité, à conserver, restaurer et mettre en valeur"
2026-08-20T15:32:59+00:00,Argis,01017,Chemin Voie des Prés d'Argis,ZD,0037,HZ,zones_sans_enquete_terrain,Zones sans enquête terrain
2026-08-20T15:34:37+00:00,Argis,01017,Chemin Voie des Prés d'Argis,ZD,0038,GS,degagement_secteur,Installations de navigation et d'atterrissage-Secteur de dégagement-T8
2026-08-20T15:34:37+00:00,Argis,01017,Chemin Voie des Prés d'Argis,ZD,0038,GQ,degagement_zone_secondaire,Installations de navigation et d'atterrissage-Zone secondaire de dégagement-T8
2026-08-20T15:34:37+00:00,Argis,01017,Chemin Voie des Prés d'Argis,ZD,0038,GR,degagement_zone_speciale,Installations de navigation et d'atterrissage-Zone spéciale de dégagement
2026-08-20T15:34:37+00:00,Argis,01017,Chemin Voie des Prés d'Argis,ZD,0038,GP,icone::GP,Installations de navigation et d'atterrissage-Zone primaire de dégagemement-T8
2026-08-20T15:34:37+00:00,Argis,01017,Chemin Voie des Prés d'Argis,ZD,0038,CL,immeuble_interieur_protege_totalite,"Immeuble bâti dont les parties intérieures sont protégées en totalité, à conserver, restaurer et mettre en valeur"
2026-08-20T15:34:37+00:00,Argis,01017,Chemin Voie des Prés d'Argis,ZD,0038,HZ,zones_sans_enquete_terrain,Zones sans enquête terrain
2026-08-20T15:36:20+00:00,Argis,01017,Chemin Voie des Prés d'Argis,ZD,0041,GS,degagement_secteur,Installations de navigation et d'atterrissage-Secteur de dégagement-T8
2026-08-20T15:36:20+00:00,Argis,01017,Chemin Voie des Prés d'Argis,ZD,0041,GQ,degagement_zone_secondaire,Installations de navigation et d'atterrissage-Zone secondaire de dégagement-T8
2026-08-20T15:36:20+00:00,Argis,01017,Chemin Voie des Prés d'Argis,ZD,0041,GR,degagement_zone_speciale,Installations de navigation et d'atterrissage-Zone spéciale de dégagement
2026-08-20T15:36:20+00:00,Argis,01017,Chemin Voie des Prés d'Argis,ZD,0041,GP,icone::GP,Installations de navigation et d'atterrissage-Zone primaire de dégagemement-T8
2026-08-20T15:36:20+00:00,Argis,01017,Chemin Voie des Prés d'Argis,ZD,0041,CL,immeuble_interieur_protege_totalite,"Immeuble bâti dont les parties intérieures sont protégées en totalité, à conserver, restaurer et mettre en valeur"
2026-08-20T15:36:20+00:00,Argis,01017,Chemin Voie des Prés d'Argis,ZD,0041,HZ,zones_sans_enquete_terrain,Zones sans enquête terrain
2026-08-20T15:37:59+00:00,Argis,01017,Chemin Voie des Prés d'Argis,ZD,0044,GS,degagement_secteur,Installations de navigation et d'atterrissage-Secteur de dégagement-T8
2026-08-20T15:37:59+00:00,Argis,01017,Chemin Voie des Prés d'Argis,ZD,0044,GQ,degagement_zone_secondaire,Installations de navigation et d'atterrissage-Zone secondaire de dégagement-T8
2026-08-20T15:37:59+00:00,Argis,01017,Chemin Voie des Prés d'Argis,ZD,0044,GR,degagement_zone_speciale,Installations de navigation et d'atterrissage-Zone spéciale de dégagement
2026-08-20T15:37:59+00:00,Argis,01017,Chemin Voie des Prés d'Argis,ZD,0044,GP,icone::GP,Installations de navigation et d'atterrissage-Zone primaire de dégagemement-T8
2026-08-20T15:37:59+00:00,Argis,01017,Chemin Voie des Prés d'Argis,ZD,0044,CL,immeuble_interieur_protege_totalite,"Immeuble bâti dont les parties intérieures sont protégées en totalité, à conserver, restaurer et mettre en valeur"
2026-08-20T15:37:59+00:00,Argis,01017,Chemin Voie des Prés d'Argis,ZD,0044,HZ,zones_sans_enquete_terrain,Zones sans enquête terrain
2026-08-20T15:39:39+00:00,Argis,01017,Chemin Voie des Prés d'Argis,ZD,0040,GS,degagement_secteur,Installations de navigation et d'atterrissage-Secteur de dégagement-T8
2026-08-20T15:39:39+00:00,Argis,01017,Chemin Voie des Prés d'Argis,ZD,0040,GQ,degagement_zone_secondaire,Installations de navigation et d'atterrissage-Zone secondaire de dégagement-T8
2026-08-20T15:39:39+00:00,Argis,01017,Chemin Voie des Prés d'Argis,ZD,0040,GR,degagement_zone_speciale,Installations de navigation et d'atterrissage-Zone spéciale de dégagement
2026-08-20T15:39:39+00:00,Argis,01017,Chemin Voie des Prés d'Argis,ZD,0040,GP,icone::GP,Installations de navigation et d'atterrissage-Zone primaire de dégagemement-T8
2026-08-20T15:39:39+00:00,Argis,01017,Chemin Voie des Prés d'Argis,ZD,0040,CL,immeuble_interieur_protege_totalite,"Immeuble bâti dont les parties intérieures sont protégées en totalité, à conserver, restaurer et mettre en valeur"
2026-08-20T15:39:39+00:00,Argis,01017,Chemin Voie des Prés d'Argis,ZD,0040,HZ,zones_sans_enquete_terrain,Zones sans enquête terrain
2026-08-20T15:41:23+00:00,Argis,01017,Chemin Voie des Prés d'Argis,ZD,0039,GS,degagement_secteur,Installations de navigation et d'atterrissage-Secteur de dégagement-T8
2026-08-20T15:41:23+00:00,Argis,01017,Chemin Voie des Prés d'Argis,ZD,0039,GQ,degagement_zone_secondaire,Installations de navigation et d'atterrissage-Zone secondaire de dégagement-T8
2026-08-20T15:41:23+00:00,Argis,01017,Chemin Voie des Prés d'Argis,ZD,0039,GR,degagement_zone_speciale,Installations de navigation et d'atterrissage-Zone spéciale de dégagement
2026-08-20T15:41:23+00:00,Argis,01017,Chemin Voie des Prés d'Argis,ZD,0039,GP,icone::GP,Installations de navigation et d'atterrissage-Zone primaire de dégagemement-T8
2026-08-20T15:41:23+00:00,Argis,01017,Chemin Voie des Prés d'Argis,ZD,0039,CL,immeuble_interieur_protege_totalite,"Immeuble bâti dont les parties intérieures sont protégées en totalité, à conserver, restaurer et mettre en valeur"
2026-08-20T15:41:23+00:00,Argis,01017,Chemin Voie des Prés d'Argis,ZD,0039,HZ,zones_sans_enquete_terrain,Zones sans enquête terrain
2026-08-20T15:43:05+00:00,Argis,01017,Chemin Voie des Prés d'Argis,ZD,0036,GS,degagement_secteur,Installations de navigation et d'atterrissage-Secteur de dégagement-T8
2026-08-20T15:43:05+00:00,Argis,01017,Chemin Voie des Prés d'Argis,ZD,0036,GQ,degagement_zone_secondaire,Installations de navigation et d'atterrissage-Zone secondaire de dégagement-T8
2026-08-20T15:43:05+00:00,Argis,01017,Chemin Voie des Prés d'Argis,ZD,0036,GR,degagement_zone_speciale,Installations de navigation et d'atterrissage-Zone spéciale de dégagement
2026-08-20T15:43:05+00:00,Argis,01017,Chemin Voie des Prés d'Argis,ZD,0036,GP,icone::GP,Installations de navigation et d'atterrissage-Zone primaire de dégagemement-T8
2026-08-20T15:43:05+00:00,Argis,01017,Chemin Voie des Prés d'Argis,ZD,0036,CL,immeuble_interieur_protege_totalite,"Immeuble bâti dont les parties intérieures sont protégées en totalité, à conserver, restaurer et mettre en valeur"
2026-08-20T15:43:05+00:00,Argis,01017,Chemin Voie des Prés d'Argis,ZD,0036,HZ,zones_sans_enquete_terrain,Zones sans enquête terrain
2026-08-20T15:44:48+00:00,Argis,01017,Chemin Voie des Prés d'Argis,ZD,0045,GS,degagement_secteur,Installations de navigation et d'atterrissage-Secteur de dégagement-T8
2026-08-20T15:44:48+00:00,Argis,01017,Chemin Voie des Prés d'Argis,ZD,0045,GQ,degagement_zone_secondaire,Installations de navigation et d'atterrissage-Zone secondaire de dégagement-T8
2026-08-20T15:44:48+00:00,Argis,01017,Chemin Voie des Prés d'Argis,ZD,0045,GR,degagement_zone_speciale,Installations de navigation et d'atterrissage-Zone spéciale de dégagement
2026-08-20T15:44:48+00:00,Argis,01017,Chemin Voie des Prés d'Argis,ZD,0045,GP,icone::GP,Installations de navigation et d'atterrissage-Zone primaire de dégagemement-T8
2026-08-20T15:44:48+00:00,Argis,01017,Chemin Voie des Prés d'Argis,ZD,0045,CL,immeuble_interieur_protege_totalite,"Immeuble bâti dont les parties intérieures sont protégées en totalité, à conserver, restaurer et mettre en valeur"
2026-08-20T15:44:48+00:00,Argis,01017,Chemin Voie des Prés d'Argis,ZD,0045,HZ,zones_sans_enquete_terrain,Zones sans enquête terrain
2026-08-20T15:46:27+00:00,Argis,01017,Chemin Voie des Prés d'Argis,ZD,0046,GS,degagement_secteur,Installations de navigation et d'atterrissage-Secteur de dégagement-T8
2026-08-20T15:46:27+00:00,Argis,01017,Chemin Voie des Prés d'Argis,ZD,0046,GQ,degagement_zone_secondaire,Installations de navigation et d'atterrissage-Zone secondaire de dégagement-T8
2026-08-20T15:46:27+00:00,Argis,01017,Chemin Voie des Prés d'Argis,ZD,0046,GR,degagement_zone_speciale,Installations de navigation et d'atterrissage-Zone spéciale de dégagement
2026-08-20T15:46:27+00:00,Argis,01017,Chemin Voie des Prés d'Argis,ZD,0046,GP,icone::GP,Installations de navigation et d'atterrissage-Zone primaire de dégagemement-T8
2026-08-20T15:46:27+00:00,Argis,01017,Chemin Voie des Prés d'Argis,ZD,0046,CL,immeuble_interieur_protege_totalite,"Immeuble bâti dont les parties intérieures sont protégées en totalité, à conserver, restaurer et mettre en valeur"
2026-08-20T15:46:27+00:00,Argis,01017,Chemin Voie des Prés d'Argis,ZD,0046,HZ,zones_sans_enquete_terrain,Zones sans enquête terrain
2026-08-20T15:48:09+00:00,Argis,01017,Chemin Voie des Prés d'Argis,ZD,0047,GS,degagement_secteur,Installations de navigation et d'atterrissage-Secteur de dégagement-T8
2026-08-20T15:48:09+00:00,Argis,01017,Chemin Voie des Prés d'Argis,ZD,0047,GQ,degagement_zone_secondaire,Installations de navigation et d'atterrissage-Zone secondaire de dégagement-T8
2026-08-20T15:48:09+00:00,Argis,01017,Chemin Voie des Prés d'Argis,ZD,0047,GR,degagement_zone_speciale,Installations de navigation et d'atterrissage-Zone spéciale de dégagement
2026-08-20T15:48:09+00:00,Argis,01017,Chemin Voie des Prés d'Argis,ZD,0047,GP,icone::GP,Installations de navigation et d'atterrissage-Zone primaire de dégagemement-T8
2026-08-20T15:48:09+00:00,Argis,01017,Chemin Voie des Prés d'Argis,ZD,0047,CL,immeuble_interieur_protege_totalite,"Immeuble bâti dont les parties intérieures sont protégées en totalité, à conserver, restaurer et mettre en valeur"
2026-08-20T15:48:09+00:00,Argis,01017,Chemin Voie des Prés d'Argis,ZD,0047,HZ,zones_sans_enquete_terrain,Zones sans enquête terrain
2026-08-20T15:49:47+00:00,Argis,01017,Chemin Voie des Prés d'Argis,ZD,0096,GS,degagement_secteur,Installations de navigation et d'atterrissage-Secteur de dégagement-T8
2026-08-20T15:49:47+00:00,Argis,01017,Chemin Voie des Prés d'Argis,ZD,0096,GQ,degagement_zone_secondaire,Installations de navigation et d'atterrissage-Zone secondaire de dégagement-T8
2026-08-20T15:49:47+00:00,Argis,01017,Chemin Voie des Prés d'Argis,ZD,0096,GR,degagement_zone_speciale,Installations de navigation et d'atterrissage-Zone spéciale de dégagement
2026-08-20T15:49:47+00:00,Argis,01017,Chemin Voie des Prés d'Argis,ZD,0096,GP,icone::GP,Installations de navigation et d'atterrissage-Zone primaire de dégagemement-T8
2026-08-20T15:49:47+00:00,Argis,01017,Chemin Voie des Prés d'Argis,ZD,0096,CL,immeuble_interieur_protege_totalite,"Immeuble bâti dont les parties intérieures sont protégées en totalité, à conserver, restaurer et mettre en valeur"
2026-08-20T15:49:47+00:00,Argis,01017,Chemin Voie des Prés d'Argis,ZD,0096,HZ,zones_sans_enquete_terrain,Zones sans enquête terrain
2026-08-20T15:51:25+00:00,Argis,01017,Chemin Voie des Prés d'Argis,ZD,0095,GS,degagement_secteur,Installations de navigation et d'atterrissage-Secteur de dégagement-T8
2026-08-20T15:51:25+00:00,Argis,01017,Chemin Voie des Prés d'Argis,ZD,0095,GQ,degagement_zone_secondaire,Installations de navigation et d'atterrissage-Zone secondaire de dégagement-T8
2026-08-20T15:51:25+00:00,Argis,01017,Chemin Voie des Prés d'Argis,ZD,0095,GR,degagement_zone_speciale,Installations de navigation et d'atterrissage-Zone spéciale de dégagement
2026-08-20T15:51:25+00:00,Argis,01017,Chemin Voie des Prés d'Argis,ZD,0095,GP,icone::GP,Installations de navigation et d'atterrissage-Zone primaire de dégagemement-T8
2026-08-20T15:51:25+00:00,Argis,01017,Chemin Voie des Prés d'Argis,ZD,0095,CL,immeuble_interieur_protege_totalite,"Immeuble bâti dont les parties intérieures sont protégées en totalité, à conserver, restaurer et mettre en valeur"
2026-08-20T15:51:25+00:00,Argis,01017,Chemin Voie des Prés d'Argis,ZD,0095,HZ,zones_sans_enquete_terrain,Zones sans enquête terrain
2026-08-20T15:53:03+00:00,Argis,01017,Chemin Voie des Prés d'Argis,ZD,0094,GS,degagement_secteur,Installations de navigation et d'atterrissage-Secteur de dégagement-T8
2026-08-20T15:53:03+00:00,Argis,01017,Chemin Voie des Prés d'Argis,ZD,0094,GQ,degagement_zone_secondaire,Installations de navigation et d'atterrissage-Zone secondaire de dégagement-T8
2026-08-20T15:53:03+00:00,Argis,01017,Chemin Voie des Prés d'Argis,ZD,0094,GR,degagement_zone_speciale,Installations de navigation et d'atterrissage-Zone spéciale de dégagement
2026-08-20T15:53:03+00:00,Argis,01017,Chemin Voie des Prés d'Argis,ZD,0094,GP,icone::GP,Installations de navigation et d'atterrissage-Zone primaire de dégagemement-T8
2026-08-20T15:53:03+00:00,Argis,01017,Chemin Voie des Prés d'Argis,ZD,0094,CL,immeuble_interieur_protege_totalite,"Immeuble bâti dont les parties intérieures sont protégées en totalité, à conserver, restaurer et mettre en valeur"
2026-08-20T15:53:03+00:00,Argis,01017,Chemin Voie des Prés d'Argis,ZD,0094,HZ,zones_sans_enquete_terrain,Zones sans enquête terrain
2026-08-20T15:54:45+00:00,Argis,01017,Chemin Voie des Prés d'Argis,ZD,0093,GS,degagement_secteur,Installations de navigation et d'atterrissage-Secteur de dégagement-T8
2026-08-20T15:54:45+00:00,Argis,01017,Chemin Voie des Prés d'Argis,ZD,0093,GQ,degagement_zone_secondaire,Installations de navigation et d'atterrissage-Zone secondaire de dégagement-T8
2026-08-20T15:54:45+00:00,Argis,01017,Chemin Voie des Prés d'Argis,ZD,0093,GR,degagement_zone_speciale,Installations de navigation et d'atterrissage-Zone spéciale de dégagement
2026-08-20T15:54:45+00:00,Argis,01017,Chemin Voie des Prés d'Argis,ZD,0093,GP,icone::GP,Installations de navigation et d'atterrissage-Zone primaire de dégagemement-T8
2026-08-20T15:54:45+00:00,Argis,01017,Chemin Voie des Prés d'Argis,ZD,0093,CL,immeuble_interieur_protege_totalite,"Immeuble bâti dont les parties intérieures sont protégées en totalité, à conserver, restaurer et mettre en valeur"
2026-08-20T15:54:45+00:00,Argis,01017,Chemin Voie des Prés d'Argis,ZD,0093,HZ,zones_sans_enquete_terrain,Zones sans enquête terrain
2026-08-20T15:56:24+00:00,Argis,01017,Chemin Voie des Prés d'Argis,ZD,0092,GS,degagement_secteur,Installations de navigation et d'atterrissage-Secteur de dégagement-T8
2026-08-20T15:56:24+00:00,Argis,01017,Chemin Voie des Prés d'Argis,ZD,0092,GQ,degagement_zone_secondaire,Installations de navigation et d'atterrissage-Zone secondaire de dégagement-T8
2026-08-20T15:56:24+00:00,Argis,01017,Chemin Voie des Prés d'Argis,ZD,0092,GR,degagement_zone_speciale,Installations de navigation et d'atterrissage-Zone spéciale de dégagement
2026-08-20T15:56:24+00:00,Argis,01017,Chemin Voie des Prés d'Argis,ZD,0092,GP,icone::GP,Installations de navigation et d'atterrissage-Zone primaire de dégagemement-T8
2026-08-20T15:56:24+00:00,Argis,01017,Chemin Voie des Prés d'Argis,ZD,0092,CL,immeuble_interieur_protege_totalite,"Immeuble bâti dont les parties intérieures sont protégées en totalité, à conserver, restaurer et mettre en valeur"
2026-08-20T15:56:24+00:00,Argis,01017,Chemin Voie des Prés d'Argis,ZD,0092,HZ,zones_sans_enquete_terrain,Zones sans enquête terrain
2026-08-20T15:58:10+00:00,Argis,01017,Chemin Voie des Prés d'Argis,ZD,0090,GS,degagement_secteur,Installations de navigation et d'atterrissage-Secteur de dégagement-T8
2026-08-20T15:58:10+00:00,Argis,01017,Chemin Voie des Prés d'Argis,ZD,0090,GQ,degagement_zone_secondaire,Installations de navigation et d'atterrissage-Zone secondaire de dégagement-T8
2026-08-20T15:58:10+00:00,Argis,01017,Chemin Voie des Prés d'Argis,ZD,0090,GR,degagement_zone_speciale,Installations de navigation et d'atterrissage-Zone spéciale de dégagement
2026-08-20T15:58:10+00:00,Argis,01017,Chemin Voie des Prés d'Argis,ZD,0090,GP,icone::GP,Installations de navigation et d'atterrissage-Zone primaire de dégagemement-T8
2026-08-20T15:58:10+00:00,Argis,01017,Chemin Voie des Prés d'Argis,ZD,0090,CL,immeuble_interieur_protege_totalite,"Immeuble bâti dont les parties intérieures sont protégées en totalité, à conserver, restaurer et mettre en valeur"
2026-08-20T15:58:10+00:00,Argis,01017,Chemin Voie des Prés d'Argis,ZD,0090,HZ,zones_sans_enquete_terrain,Zones sans enquête terrain
2026-08-20T15:59:49+00:00,Argis,01017,Chemin Voie des Prés d'Argis,ZD,0089,GS,degagement_secteur,Installations de navigation et d'atterrissage-Secteur de dégagement-T8
2026-08-20T15:59:49+00:00,Argis,01017,Chemin Voie des Prés d'Argis,ZD,0089,GQ,degagement_zone_secondaire,Installations de navigation et d'atterrissage-Zone secondaire de dégagement-T8
2026-08-20T15:59:49+00:00,Argis,01017,Chemin Voie des Prés d'Argis,ZD,0089,GR,degagement_zone_speciale,Installations de navigation et d'atterrissage-Zone spéciale de dégagement
2026-08-20T15:59:49+00:00,Argis,01017,Chemin Voie des Prés d'Argis,ZD,0089,GP,icone::GP,Installations de navigation et d'atterrissage-Zone primaire de dégagemement-T8
2026-08-20T15:59:49+00:00,Argis,01017,Chemin Voie des Prés d'Argis,ZD,0089,CL,immeuble_interieur_protege_totalite,"Immeuble bâti dont les parties intérieures sont protégées en totalité, à conserver, restaurer et mettre en valeur"
2026-08-20T15:59:49+00:00,Argis,01017,Chemin Voie des Prés d'Argis,ZD,0089,HZ,zones_sans_enquete_terrain,Zones sans enquête terrain
2026-08-20T16:01:30+00:00,Argis,01017,Chemin Voie des Prés d'Argis,ZD,0086,GS,degagement_secteur,Installations de navigation et d'atterrissage-Secteur de dégagement-T8
2026-08-20T16:01:30+00:00,Argis,01017,Chemin Voie des Prés d'Argis,ZD,0086,GQ,degagement_zone_secondaire,Installations de navigation et d'atterrissage-Zone secondaire de dégagement-T8
2026-08-20T16:01:30+00:00,Argis,01017,Chemin Voie des Prés d'Argis,ZD,0086,GR,degagement_zone_speciale,Installations de navigation et d'atterrissage-Zone spéciale de dégagement
2026-08-20T16:01:30+00:00,Argis,01017,Chemin Voie des Prés d'Argis,ZD,0086,GP,icone::GP,Installations de navigation et d'atterrissage-Zone primaire de dégagemement-T8
2026-08-20T16:01:30+00:00,Argis,01017,Chemin Voie des Prés d'Argis,ZD,0086,CL,immeuble_interieur_protege_totalite,"Immeuble bâti dont les parties intérieures sont protégées en totalité, à conserver, restaurer et mettre en valeur"
2026-08-20T16:01:30+00:00,Argis,01017,Chemin Voie des Prés d'Argis,ZD,0086,HZ,zones_sans_enquete_terrain,Zones sans enquête terrain
2026-08-20T16:03:08+00:00,Argis,01017,Chemin Voie des Prés d'Argis,ZD,0056,GS,degagement_secteur,Installations de navigation et d'atterrissage-Secteur de dégagement-T8
2026-08-20T16:03:08+00:00,Argis,01017,Chemin Voie des Prés d'Argis,ZD,0056,GQ,degagement_zone_secondaire,Installations de navigation et d'atterrissage-Zone secondaire de dégagement-T8
2026-08-20T16:03:08+00:00,Argis,01017,Chemin Voie des Prés d'Argis,ZD,0056,GR,degagement_zone_speciale,Installations de navigation et d'atterrissage-Zone spéciale de dégagement
2026-08-20T16:03:08+00:00,Argis,01017,Chemin Voie des Prés d'Argis,ZD,0056,GP,icone::GP,Installations de navigation et d'atterrissage-Zone primaire de dégagemement-T8
2026-08-20T16:03:08+00:00,Argis,01017,Chemin Voie des Prés d'Argis,ZD,0056,CL,immeuble_interieur_protege_totalite,"Immeuble bâti dont les parties intérieures sont protégées en totalité, à conserver, restaurer et mettre en valeur"
2026-08-20T16:03:08+00:00,Argis,01017,Chemin Voie des Prés d'Argis,ZD,0056,HZ,zones_sans_enquete_terrain,Zones sans enquête terrain
2026-08-20T16:04:52+00:00,Argis,01017,Chemin de la Morandière,ZD,0072,GS,degagement_secteur,Installations de navigation et d'atterrissage-Secteur de dégagement-T8
2026-08-20T16:04:52+00:00,Argis,01017,Chemin de la Morandière,ZD,0072,GQ,degagement_zone_secondaire,Installations de navigation et d'atterrissage-Zone secondaire de dégagement-T8
2026-08-20T16:04:52+00:00,Argis,01017,Chemin de la Morandière,ZD,0072,GR,degagement_zone_speciale,Installations de navigation et d'atterrissage-Zone spéciale de dégagement
2026-08-20T16:04:52+00:00,Argis,01017,Chemin de la Morandière,ZD,0072,GP,icone::GP,Installations de navigation et d'atterrissage-Zone primaire de dégagemement-T8
2026-08-20T16:04:52+00:00,Argis,01017,Chemin de la Morandière,ZD,0072,CL,immeuble_interieur_protege_totalite,"Immeuble bâti dont les parties intérieures sont protégées en totalité, à conserver, restaurer et mettre en valeur"
2026-08-20T16:04:52+00:00,Argis,01017,Chemin de la Morandière,ZD,0072,HZ,zones_sans_enquete_terrain,Zones sans enquête terrain
2026-08-20T16:06:36+00:00,Argis,01017,Chemin de la Morandière,ZD,0076,GS,degagement_secteur,Installations de navigation et d'atterrissage-Secteur de dégagement-T8
2026-08-20T16:06:36+00:00,Argis,01017,Chemin de la Morandière,ZD,0076,GQ,degagement_zone_secondaire,Installations de navigation et d'atterrissage-Zone secondaire de dégagement-T8
2026-08-20T16:06:36+00:00,Argis,01017,Chemin de la Morandière,ZD,0076,GR,degagement_zone_speciale,Installations de navigation et d'atterrissage-Zone spéciale de dégagement
2026-08-20T16:06:36+00:00,Argis,01017,Chemin de la Morandière,ZD,0076,GP,icone::GP,Installations de navigation et d'atterrissage-Zone primaire de dégagemement-T8
2026-08-20T16:06:36+00:00,Argis,01017,Chemin de la Morandière,ZD,0076,CL,immeuble_interieur_protege_totalite,"Immeuble bâti dont les parties intérieures sont protégées en totalité, à conserver, restaurer et mettre en valeur"
2026-08-20T16:06:36+00:00,Argis,01017,Chemin de la Morandière,ZD,0076,HZ,zones_sans_enquete_terrain,Zones sans enquête terrain
2026-08-20T16:08:13+00:00,Argis,01017,Chemin de la Morandière,ZD,0074,GS,degagement_secteur,Installations de navigation et d'atterrissage-Secteur de dégagement-T8
2026-08-20T16:08:13+00:00,Argis,01017,Chemin de la Morandière,ZD,0074,GQ,degagement_zone_secondaire,Installations de navigation et d'atterrissage-Zone secondaire de dégagement-T8
2026-08-20T16:08:13+00:00,Argis,01017,Chemin de la Morandière,ZD,0074,GR,degagement_zone_speciale,Installations de navigation et d'atterrissage-Zone spéciale de dégagement
2026-08-20T16:08:13+00:00,Argis,01017,Chemin de la Morandière,ZD,0074,GP,icone::GP,Installations de navigation et d'atterrissage-Zone primaire de dégagemement-T8
2026-08-20T16:08:13+00:00,Argis,01017,Chemin de la Morandière,ZD,0074,CL,immeuble_interieur_protege_totalite,"Immeuble bâti dont les parties intérieures sont protégées en totalité, à conserver, restaurer et mettre en valeur"
2026-08-20T16:08:13+00:00,Argis,01017,Chemin de la Morandière,ZD,0074,HZ,zones_sans_enquete_terrain,Zones sans enquête terrain
2026-08-20T16:09:55+00:00,Argis,01017,Chemin de la Morandière,ZD,0071,GS,degagement_secteur,Installations de navigation et d'atterrissage-Secteur de dégagement-T8
2026-08-20T16:09:55+00:00,Argis,01017,Chemin de la Morandière,ZD,0071,GQ,degagement_zone_secondaire,Installations de navigation et d'atterrissage-Zone secondaire de dégagement-T8
2026-08-20T16:09:55+00:00,Argis,01017,Chemin de la Morandière,ZD,0071,GR,degagement_zone_speciale,Installations de navigation et d'atterrissage-Zone spéciale de dégagement
2026-08-20T16:09:55+00:00,Argis,01017,Chemin de la Morandière,ZD,0071,GP,icone::GP,Installations de navigation et d'atterrissage-Zone primaire de dégagemement-T8
2026-08-20T16:09:55+00:00,Argis,01017,Chemin de la Morandière,ZD,0071,CL,immeuble_interieur_protege_totalite,"Immeuble bâti dont les parties intérieures sont protégées en totalité, à conserver, restaurer et mettre en valeur"
2026-08-20T16:09:55+00:00,Argis,01017,Chemin de la Morandière,ZD,0071,HZ,zones_sans_enquete_terrain,Zones sans enquête terrain
2026-08-20T16:11:36+00:00,Argis,01017,Chemin de la Morandière,ZD,0064,GS,degagement_secteur,Installations de navigation et d'atterrissage-Secteur de dégagement-T8
2026-08-20T16:11:36+00:00,Argis,01017,Chemin de la Morandière,ZD,0064,GQ,degagement_zone_secondaire,Installations de navigation et d'atterrissage-Zone secondaire de dégagement-T8
2026-08-20T16:11:36+00:00,Argis,01017,Chemin de la Morandière,ZD,0064,GR,degagement_zone_speciale,Installations de navigation et d'atterrissage-Zone spéciale de dégagement
2026-08-20T16:11:36+00:00,Argis,01017,Chemin de la Morandière,ZD,0064,GP,icone::GP,Installations de navigation et d'atterrissage-Zone primaire de dégagemement-T8
2026-08-20T16:11:36+00:00,Argis,01017,Chemin de la Morandière,ZD,0064,CL,immeuble_interieur_protege_totalite,"Immeuble bâti dont les parties intérieures sont protégées en totalité, à conserver, restaurer et mettre en valeur"
2026-08-20T16:11:36+00:00,Argis,01017,Chemin de la Morandière,ZD,0064,HZ,zones_sans_enquete_terrain,Zones sans enquête terrain
2026-08-20T16:13:19+00:00,Argis,01017,Chemin de la Morandière,ZD,0068,GS,degagement_secteur,Installations de navigation et d'atterrissage-Secteur de dégagement-T8
2026-08-20T16:13:19+00:00,Argis,01017,Chemin de la Morandière,ZD,0068,GQ,degagement_zone_secondaire,Installations de navigation et d'atterrissage-Zone secondaire de dégagement-T8
2026-08-20T16:13:19+00:00,Argis,01017,Chemin de la Morandière,ZD,0068,GR,degagement_zone_speciale,Installations de navigation et d'atterrissage-Zone spéciale de dégagement
2026-08-20T16:13:19+00:00,Argis,01017,Chemin de la Morandière,ZD,0068,GP,icone::GP,Installations de navigation et d'atterrissage-Zone primaire de dégagemement-T8
2026-08-20T16:13:19+00:00,Argis,01017,Chemin de la Morandière,ZD,0068,CL,immeuble_interieur_protege_totalite,"Immeuble bâti dont les parties intérieures sont protégées en totalité, à conserver, restaurer et mettre en valeur"
2026-08-20T16:13:19+00:00,Argis,01017,Chemin de la Morandière,ZD,0068,HZ,zones_sans_enquete_terrain,Zones sans enquête terrain
2026-08-20T16:14:59+00:00,Argis,01017,Chemin de la Morandière,ZD,0066,GS,degagement_secteur,Installations de navigation et d'atterrissage-Secteur de dégagement-T8
2026-08-20T16:14:59+00:00,Argis,01017,Chemin de la Morandière,ZD,0066,GQ,degagement_zone_secondaire,Installations de navigation et d'atterrissage-Zone secondaire de dégagement-T8
2026-08-20T16:14:59+00:00,Argis,01017,Chemin de la Morandière,ZD,0066,GR,degagement_zone_speciale,Installations de navigation et d'atterrissage-Zone spéciale de dégagement
2026-08-20T16:14:59+00:00,Argis,01017,Chemin de la Morandière,ZD,0066,GP,icone::GP,Installations de navigation et d'atterrissage-Zone primaire de dégagemement-T8
2026-08-20T16:14:59+00:00,Argis,01017,Chemin de la Morandière,ZD,0066,CL,immeuble_interieur_protege_totalite,"Immeuble bâti dont les parties intérieures sont protégées en totalité, à conserver, restaurer et mettre en valeur"
2026-08-20T16:14:59+00:00,Argis,01017,Chemin de la Morandière,ZD,0066,HZ,zones_sans_enquete_terrain,Zones sans enquête terrain
2026-08-20T16:16:40+00:00,Argis,01017,Chemin de la Morandière,ZD,0067,GS,degagement_secteur,Installations de navigation et d'atterrissage-Secteur de dégagement-T8
2026-08-20T16:16:40+00:00,Argis,01017,Chemin de la Morandière,ZD,0067,GQ,degagement_zone_secondaire,Installations de navigation et d'atterrissage-Zone secondaire de dégagement-T8
2026-08-20T16:16:40+00:00,Argis,01017,Chemin de la Morandière,ZD,0067,GR,degagement_zone_speciale,Installations de navigation et d'atterrissage-Zone spéciale de dégagement
2026-08-20T16:16:40+00:00,Argis,01017,Chemin de la Morandière,ZD,0067,GP,icone::GP,Installations de navigation et d'atterrissage-Zone primaire de dégagemement-T8
2026-08-20T16:16:40+00:00,Argis,01017,Chemin de la Morandière,ZD,0067,CL,immeuble_interieur_protege_totalite,"Immeuble bâti dont les parties intérieures sont protégées en totalité, à conserver, restaurer et mettre en valeur"
2026-08-20T16:16:40+00:00,Argis,01017,Chemin de la Morandière,ZD,0067,HZ,zones_sans_enquete_terrain,Zones sans enquête terrain
2026-08-20T16:18:18+00:00,Argis,01017,Chemin de la Morandière,ZD,0070,GS,degagement_secteur,Installations de navigation et d'atterrissage-Secteur de dégagement-T8
2026-08-20T16:18:18+00:00,Argis,01017,Chemin de la Morandière,ZD,0070,GQ,degagement_zone_secondaire,Installations de navigation et d'atterrissage-Zone secondaire de dégagement-T8
2026-08-20T16:18:18+00:00,Argis,01017,Chemin de la Morandière,ZD,0070,GR,degagement_zone_speciale,Installations de navigation et d'atterrissage-Zone spéciale de dégagement
2026-08-20T16:18:18+00:00,Argis,01017,Chemin de la Morandière,ZD,0070,GP,icone::GP,Installations de navigation et d'atterrissage-Zone primaire de dégagemement-T8
2026-08-20T16:18:18+00:00,Argis,01017,Chemin de la Morandière,ZD,0070,CL,immeuble_interieur_protege_totalite,"Immeuble bâti dont les parties intérieures sont protégées en totalité, à conserver, restaurer et mettre en valeur"
2026-08-20T16:18:18+00:00,Argis,01017,Chemin de la Morandière,ZD,0070,HZ,zones_sans_enquete_terrain,Zones sans enquête terrain
2026-08-20T15:24:29+00:00,Argis,01017,Chemin Voie des Prés d'Argis,ZD,0069,IH,alea_debordement_frequent,Inondation (Aléa débordement de cours d'eau fréquent ou décennal
2026-08-20T15:24:29+00:00,Argis,01017,Chemin Voie des Prés d'Argis,ZD,0069,II,alea_debordement_moyen,Inondation (Aléa débordement de cours d'eau moyen ou centennal
2026-08-20T15:24:29+00:00,Argis,01017,Chemin Voie des Prés d'Argis,ZD,0069,IJ,alea_debordement_rare,Inondation (Aléa débordement de cours d'eau rare ou millénial
2026-08-20T15:24:29+00:00,Argis,01017,Chemin Voie des Prés d'Argis,ZD,0069,IO,alea_ruissellement_frequent,Inondation (Aléa ruissellement fréquent ou décennal)
2026-08-20T15:24:29+00:00,Argis,01017,Chemin Voie des Prés d'Argis,ZD,0069,IP,alea_ruissellement_moyen,Inondation (Aléa ruissellement moyen ou centennal)
2026-08-20T15:24:29+00:00,Argis,01017,Chemin Voie des Prés d'Argis,ZD,0069,IQ,alea_ruissellement_rare,Inondation (Aléa ruissellement rare ou milléniall)
2026-08-20T15:24:29+00:00,Argis,01017,Chemin Voie des Prés d'Argis,ZD,0069,IK,alea_submersion_frequent,Inondation (Aléa submersion fréquent ou décennal)
2026-08-20T15:24:29+00:00,Argis,01017,Chemin Voie des Prés d'Argis,ZD,0069,IL,alea_submersion_moyen,Inondation (Aléa submersion moyen ou centennal)
2026-08-20T15:24:29+00:00,Argis,01017,Chemin Voie des Prés d'Argis,ZD,0069,IM,alea_submersion_moyen_cc,Inondation (Aléa submersion moyen ou centennal avec prise en compte du changement climatique)
2026-08-20T15:24:29+00:00,Argis,01017,Chemin Voie des Prés d'Argis,ZD,0069,IN,alea_submersion_rare,Inondation (Aléa submersion rare ou millénial)
2026-08-20T15:24:29+00:00,Argis,01017,Chemin Voie des Prés d'Argis,ZD,0069,ID,ouvrage_protection_inondation,Inondation (Ouvrages de protection)
2026-08-20T15:24:29+00:00,Argis,01017,Chemin Voie des Prés d'Argis,ZD,0069,IG,territoire_risque_important_inondation,Inondation (Territoires à risues importants d'inondation)
2026-08-20T15:24:29+00:00,Argis,01017,Chemin Voie des Prés d'Argis,ZD,0069,IF,zone_soustraite_alea_inondation,Inondation (Zone soustraittes à l'aléa Inondation)
2026-08-20T15:24:29+00:00,Argis,01017,Chemin Voie des Prés d'Argis,ZD,0069,IE,zone_sur_alea_inondation,Inondation (Zone de sur-aléa Inondation)
2026-08-20T15:26:13+00:00,Argis,01017,Chemin Voie des Prés d'Argis,ZD,0058,IH,alea_debordement_frequent,Inondation (Aléa débordement de cours d'eau fréquent ou décennal
2026-08-20T15:26:13+00:00,Argis,01017,Chemin Voie des Prés d'Argis,ZD,0058,II,alea_debordement_moyen,Inondation (Aléa débordement de cours d'eau moyen ou centennal
2026-08-20T15:26:13+00:00,Argis,01017,Chemin Voie des Prés d'Argis,ZD,0058,IJ,alea_debordement_rare,Inondation (Aléa débordement de cours d'eau rare ou millénial
2026-08-20T15:26:13+00:00,Argis,01017,Chemin Voie des Prés d'Argis,ZD,0058,IO,alea_ruissellement_frequent,Inondation (Aléa ruissellement fréquent ou décennal)
2026-08-20T15:26:13+00:00,Argis,01017,Chemin Voie des Prés d'Argis,ZD,0058,IP,alea_ruissellement_moyen,Inondation (Aléa ruissellement moyen ou centennal)
2026-08-20T15:26:13+00:00,Argis,01017,Chemin Voie des Prés d'Argis,ZD,0058,IQ,alea_ruissellement_rare,Inondation (Aléa ruissellement rare ou milléniall)
2026-08-20T15:26:13+00:00,Argis,01017,Chemin Voie des Prés d'Argis,ZD,0058,IK,alea_submersion_frequent,Inondation (Aléa submersion fréquent ou décennal)
2026-08-20T15:26:13+00:00,Argis,01017,Chemin Voie des Prés d'Argis,ZD,0058,IL,alea_submersion_moyen,Inondation (Aléa submersion moyen ou centennal)
2026-08-20T15:26:13+00:00,Argis,01017,Chemin Voie des Prés d'Argis,ZD,0058,IM,alea_submersion_moyen_cc,Inondation (Aléa submersion moyen ou centennal avec prise en compte du changement climatique)
2026-08-20T15:26:13+00:00,Argis,01017,Chemin Voie des Prés d'Argis,ZD,0058,IN,alea_submersion_rare,Inondation (Aléa submersion rare ou millénial)
2026-08-20T15:26:13+00:00,Argis,01017,Chemin Voie des Prés d'Argis,ZD,0058,ID,ouvrage_protection_inondation,Inondation (Ouvrages de protection)
2026-08-20T15:26:13+00:00,Argis,01017,Chemin Voie des Prés d'Argis,ZD,0058,IG,territoire_risque_important_inondation,Inondation (Territoires à risues importants d'inondation)
2026-08-20T15:26:13+00:00,Argis,01017,Chemin Voie des Prés d'Argis,ZD,0058,IF,zone_soustraite_alea_inondation,Inondation (Zone soustraittes à l'aléa Inondation)
2026-08-20T15:26:13+00:00,Argis,01017,Chemin Voie des Prés d'Argis,ZD,0058,IE,zone_sur_alea_inondation,Inondation (Zone de sur-aléa Inondation)
2026-08-20T15:27:52+00:00,Argis,01017,Chemin Voie des Prés d'Argis,ZD,0059,IH,alea_debordement_frequent,Inondation (Aléa débordement de cours d'eau fréquent ou décennal
2026-08-20T15:27:52+00:00,Argis,01017,Chemin Voie des Prés d'Argis,ZD,0059,II,alea_debordement_moyen,Inondation (Aléa débordement de cours d'eau moyen ou centennal
2026-08-20T15:27:52+00:00,Argis,01017,Chemin Voie des Prés d'Argis,ZD,0059,IJ,alea_debordement_rare,Inondation (Aléa débordement de cours d'eau rare ou millénial
2026-08-20T15:27:52+00:00,Argis,01017,Chemin Voie des Prés d'Argis,ZD,0059,IO,alea_ruissellement_frequent,Inondation (Aléa ruissellement fréquent ou décennal)
2026-08-20T15:27:52+00:00,Argis,01017,Chemin Voie des Prés d'Argis,ZD,0059,IP,alea_ruissellement_moyen,Inondation (Aléa ruissellement moyen ou centennal)
2026-08-20T15:27:52+00:00,Argis,01017,Chemin Voie des Prés d'Argis,ZD,0059,IQ,alea_ruissellement_rare,Inondation (Aléa ruissellement rare ou milléniall)
2026-08-20T15:27:52+00:00,Argis,01017,Chemin Voie des Prés d'Argis,ZD,0059,IK,alea_submersion_frequent,Inondation (Aléa submersion fréquent ou décennal)
2026-08-20T15:27:52+00:00,Argis,01017,Chemin Voie des Prés d'Argis,ZD,0059,IL,alea_submersion_moyen,Inondation (Aléa submersion moyen ou centennal)
2026-08-20T15:27:52+00:00,Argis,01017,Chemin Voie des Prés d'Argis,ZD,0059,IM,alea_submersion_moyen_cc,Inondation (Aléa submersion moyen ou centennal avec prise en compte du changement climatique)
2026-08-20T15:27:52+00:00,Argis,01017,Chemin Voie des Prés d'Argis,ZD,0059,IN,alea_submersion_rare,Inondation (Aléa submersion rare ou millénial)
2026-08-20T15:27:52+00:00,Argis,01017,Chemin Voie des Prés d'Argis,ZD,0059,ID,ouvrage_protection_inondation,Inondation (Ouvrages de protection)
2026-08-20T15:27:52+00:00,Argis,01017,Chemin Voie des Prés d'Argis,ZD,0059,IG,territoire_risque_important_inondation,Inondation (Territoires à risues importants d'inondation)
2026-08-20T15:27:52+00:00,Argis,01017,Chemin Voie des Prés d'Argis,ZD,0059,IF,zone_soustraite_alea_inondation,Inondation (Zone soustraittes à l'aléa Inondation)
2026-08-20T15:27:52+00:00,Argis,01017,Chemin Voie des Prés d'Argis,ZD,0059,IE,zone_sur_alea_inondation,Inondation (Zone de sur-aléa Inondation)
2026-08-20T15:31:18+00:00,Argis,01017,Chemin Voie des Prés d'Argis,ZD,0024,IH,alea_debordement_frequent,Inondation (Aléa débordement de cours d'eau fréquent ou décennal
2026-08-20T15:31:18+00:00,Argis,01017,Chemin Voie des Prés d'Argis,ZD,0024,II,alea_debordement_moyen,Inondation (Aléa débordement de cours d'eau moyen ou centennal
2026-08-20T15:31:18+00:00,Argis,01017,Chemin Voie des Prés d'Argis,ZD,0024,IJ,alea_debordement_rare,Inondation (Aléa débordement de cours d'eau rare ou millénial
2026-08-20T15:31:18+00:00,Argis,01017,Chemin Voie des Prés d'Argis,ZD,0024,IO,alea_ruissellement_frequent,Inondation (Aléa ruissellement fréquent ou décennal)
2026-08-20T15:31:18+00:00,Argis,01017,Chemin Voie des Prés d'Argis,ZD,0024,IP,alea_ruissellement_moyen,Inondation (Aléa ruissellement moyen ou centennal)
2026-08-20T15:31:18+00:00,Argis,01017,Chemin Voie des Prés d'Argis,ZD,0024,IQ,alea_ruissellement_rare,Inondation (Aléa ruissellement rare ou milléniall)
2026-08-20T15:31:18+00:00,Argis,01017,Chemin Voie des Prés d'Argis,ZD,0024,IK,alea_submersion_frequent,Inondation (Aléa submersion fréquent ou décennal)
2026-08-20T15:31:18+00:00,Argis,01017,Chemin Voie des Prés d'Argis,ZD,0024,IL,alea_submersion_moyen,Inondation (Aléa submersion moyen ou centennal)
2026-08-20T15:31:18+00:00,Argis,01017,Chemin Voie des Prés d'Argis,ZD,0024,IM,alea_submersion_moyen_cc,Inondation (Aléa submersion moyen ou centennal avec prise en compte du changement climatique)
2026-08-20T15:31:18+00:00,Argis,01017,Chemin Voie des Prés d'Argis,ZD,0024,IN,alea_submersion_rare,Inondation (Aléa submersion rare ou millénial)
2026-08-20T15:31:18+00:00,Argis,01017,Chemin Voie des Prés d'Argis,ZD,0024,ID,ouvrage_protection_inondation,Inondation (Ouvrages de protection)
2026-08-20T15:31:18+00:00,Argis,01017,Chemin Voie des Prés d'Argis,ZD,0024,IG,territoire_risque_important_inondation,Inondation (Territoires à risues importants d'inondation)
2026-08-20T15:31:18+00:00,Argis,01017,Chemin Voie des Prés d'Argis,ZD,0024,IF,zone_soustraite_alea_inondation,Inondation (Zone soustraittes à l'aléa Inondation)
2026-08-20T15:31:18+00:00,Argis,01017,Chemin Voie des Prés d'Argis,ZD,0024,IE,zone_sur_alea_inondation,Inondation (Zone de sur-aléa Inondation)
2026-08-20T15:32:59+00:00,Argis,01017,Chemin Voie des Prés d'Argis,ZD,0037,IH,alea_debordement_frequent,Inondation (Aléa débordement de cours d'eau fréquent ou décennal
2026-08-20T15:32:59+00:00,Argis,01017,Chemin Voie des Prés d'Argis,ZD,0037,II,alea_debordement_moyen,Inondation (Aléa débordement de cours d'eau moyen ou centennal
2026-08-20T15:32:59+00:00,Argis,01017,Chemin Voie des Prés d'Argis,ZD,0037,IJ,alea_debordement_rare,Inondation (Aléa débordement de cours d'eau rare ou millénial
2026-08-20T15:32:59+00:00,Argis,01017,Chemin Voie des Prés d'Argis,ZD,0037,IO,alea_ruissellement_frequent,Inondation (Aléa ruissellement fréquent ou décennal)
2026-08-20T15:32:59+00:00,Argis,01017,Chemin Voie des Prés d'Argis,ZD,0037,IP,alea_ruissellement_moyen,Inondation (Aléa ruissellement moyen ou centennal)
2026-08-20T15:32:59+00:00,Argis,01017,Chemin Voie des Prés d'Argis,ZD,0037,IQ,alea_ruissellement_rare,Inondation (Aléa ruissellement rare ou milléniall)
2026-08-20T15:32:59+00:00,Argis,01017,Chemin Voie des Prés d'Argis,ZD,0037,IK,alea_submersion_frequent,Inondation (Aléa submersion fréquent ou décennal)
2026-08-20T15:32:59+00:00,Argis,01017,Chemin Voie des Prés d'Argis,ZD,0037,IL,alea_submersion_moyen,Inondation (Aléa submersion moyen ou centennal)
2026-08-20T15:32:59+00:00,Argis,01017,Chemin Voie des Prés d'Argis,ZD,0037,IM,alea_submersion_moyen_cc,Inondation (Aléa submersion moyen ou centennal avec prise en compte du changement climatique)
2026-08-20T15:32:59+00:00,Argis,01017,Chemin Voie des Prés d'Argis,ZD,0037,IN,alea_submersion_rare,Inondation (Aléa submersion rare ou millénial)
2026-08-20T15:32:59+00:00,Argis,01017,Chemin Voie des Prés d'Argis,ZD,0037,ID,ouvrage_protection_inondation,Inondation (Ouvrages de protection)
2026-08-20T15:32:59+00:00,Argis,01017,Chemin Voie des Prés d'Argis,ZD,0037,IG,territoire_risque_important_inondation,Inondation (Territoires à risues importants d'inondation)
2026-08-20T15:32:59+00:00,Argis,01017,Chemin Voie des Prés d'Argis,ZD,0037,IF,zone_soustraite_alea_inondation,Inondation (Zone soustraittes à l'aléa Inondation)
2026-08-20T15:32:59+00:00,Argis,01017,Chemin Voie des Prés d'Argis,ZD,0037,IE,zone_sur_alea_inondation,Inondation (Zone de sur-aléa Inondation)
2026-08-20T15:34:37+00:00,Argis,01017,Chemin Voie des Prés d'Argis,ZD,0038,IH,alea_debordement_frequent,Inondation (Aléa débordement de cours d'eau fréquent ou décennal
2026-08-20T15:34:37+00:00,Argis,01017,Chemin Voie des Prés d'Argis,ZD,0038,II,alea_debordement_moyen,Inondation (Aléa débordement de cours d'eau moyen ou centennal
2026-08-20T15:34:37+00:00,Argis,01017,Chemin Voie des Prés d'Argis,ZD,0038,IJ,alea_debordement_rare,Inondation (Aléa débordement de cours d'eau rare ou millénial
2026-08-20T15:34:37+00:00,Argis,01017,Chemin Voie des Prés d'Argis,ZD,0038,IO,alea_ruissellement_frequent,Inondation (Aléa ruissellement fréquent ou décennal)
2026-08-20T15:34:37+00:00,Argis,01017,Chemin Voie des Prés d'Argis,ZD,0038,IP,alea_ruissellement_moyen,Inondation (Aléa ruissellement moyen ou centennal)
2026-08-20T15:34:37+00:00,Argis,01017,Chemin Voie des Prés d'Argis,ZD,0038,IQ,alea_ruissellement_rare,Inondation (Aléa ruissellement rare ou milléniall)
2026-08-20T15:34:37+00:00,Argis,01017,Chemin Voie des Prés d'Argis,ZD,0038,IK,alea_submersion_frequent,Inondation (Aléa submersion fréquent ou décennal)
2026-08-20T15:34:37+00:00,Argis,01017,Chemin Voie des Prés d'Argis,ZD,0038,IL,alea_submersion_moyen,Inondation (Aléa submersion moyen ou centennal)
2026-08-20T15:34:37+00:00,Argis,01017,Chemin Voie des Prés d'Argis,ZD,0038,IM,alea_submersion_moyen_cc,Inondation (Aléa submersion moyen ou centennal avec prise en compte du changement climatique)
2026-08-20T15:34:37+00:00,Argis,01017,Chemin Voie des Prés d'Argis,ZD,0038,IN,alea_submersion_rare,Inondation (Aléa submersion rare ou millénial)
2026-08-20T15:34:37+00:00,Argis,01017,Chemin Voie des Prés d'Argis,ZD,0038,ID,ouvrage_protection_inondation,Inondation (Ouvrages de protection)
2026-08-20T15:34:37+00:00,Argis,01017,Chemin Voie des Prés d'Argis,ZD,0038,IG,territoire_risque_important_inondation,Inondation (Territoires à risues importants d'inondation)
2026-08-20T15:34:37+00:00,Argis,01017,Chemin Voie des Prés d'Argis,ZD,0038,IF,zone_soustraite_alea_inondation,Inondation (Zone soustraittes à l'aléa Inondation)
2026-08-20T15:34:37+00:00,Argis,01017,Chemin Voie des Prés d'Argis,ZD,0038,IE,zone_sur_alea_inondation,Inondation (Zone de sur-aléa Inondation)
2026-08-20T15:36:20+00:00,Argis,01017,Chemin Voie des Prés d'Argis,ZD,0041,IH,alea_debordement_frequent,Inondation (Aléa débordement de cours d'eau fréquent ou décennal
2026-08-20T15:36:20+00:00,Argis,01017,Chemin Voie des Prés d'Argis,ZD,0041,II,alea_debordement_moyen,Inondation (Aléa débordement de cours d'eau moyen ou centennal
2026-08-20T15:36:20+00:00,Argis,01017,Chemin Voie des Prés d'Argis,ZD,0041,IJ,alea_debordement_rare,Inondation (Aléa débordement de cours d'eau rare ou millénial
2026-08-20T15:36:20+00:00,Argis,01017,Chemin Voie des Prés d'Argis,ZD,0041,IO,alea_ruissellement_frequent,Inondation (Aléa ruissellement fréquent ou décennal)
2026-08-20T15:36:20+00:00,Argis,01017,Chemin Voie des Prés d'Argis,ZD,0041,IP,alea_ruissellement_moyen,Inondation (Aléa ruissellement moyen ou centennal)
2026-08-20T15:36:20+00:00,Argis,01017,Chemin Voie des Prés d'Argis,ZD,0041,IQ,alea_ruissellement_rare,Inondation (Aléa ruissellement rare ou milléniall)
2026-08-20T15:36:20+00:00,Argis,01017,Chemin Voie des Prés d'Argis,ZD,0041,IK,alea_submersion_frequent,Inondation (Aléa submersion fréquent ou décennal)
2026-08-20T15:36:20+00:00,Argis,01017,Chemin Voie des Prés d'Argis,ZD,0041,IL,alea_submersion_moyen,Inondation (Aléa submersion moyen ou centennal)
2026-08-20T15:36:20+00:00,Argis,01017,Chemin Voie des Prés d'Argis,ZD,0041,IM,alea_submersion_moyen_cc,Inondation (Aléa submersion moyen ou centennal avec prise en compte du changement climatique)
2026-08-20T15:36:20+00:00,Argis,01017,Chemin Voie des Prés d'Argis,ZD,0041,IN,alea_submersion_rare,Inondation (Aléa submersion rare ou millénial)
2026-08-20T15:36:20+00:00,Argis,01017,Chemin Voie des Prés d'Argis,ZD,0041,ID,ouvrage_protection_inondation,Inondation (Ouvrages de protection)
2026-08-20T15:36:20+00:00,Argis,01017,Chemin Voie des Prés d'Argis,ZD,0041,IG,territoire_risque_important_inondation,Inondation (Territoires à risues importants d'inondation)
2026-08-20T15:36:20+00:00,Argis,01017,Chemin Voie des Prés d'Argis,ZD,0041,IF,zone_soustraite_alea_inondation,Inondation (Zone soustraittes à l'aléa Inondation)
2026-08-20T15:36:20+00:00,Argis,01017,Chemin Voie des Prés d'Argis,ZD,0041,IE,zone_sur_alea_inondation,Inondation (Zone de sur-aléa Inondation)
2026-08-20T15:37:59+00:00,Argis,01017,Chemin Voie des Prés d'Argis,ZD,0044,IH,alea_debordement_frequent,Inondation (Aléa débordement de cours d'eau fréquent ou décennal
2026-08-20T15:37:59+00:00,Argis,01017,Chemin Voie des Prés d'Argis,ZD,0044,II,alea_debordement_moyen,Inondation (Aléa débordement de cours d'eau moyen ou centennal
2026-08-20T15:37:59+00:00,Argis,01017,Chemin Voie des Prés d'Argis,ZD,0044,IJ,alea_debordement_rare,Inondation (Aléa débordement de cours d'eau rare ou millénial
2026-08-20T15:37:59+00:00,Argis,01017,Chemin Voie des Prés d'Argis,ZD,0044,IO,alea_ruissellement_frequent,Inondation (Aléa ruissellement fréquent ou décennal)
2026-08-20T15:37:59+00:00,Argis,01017,Chemin Voie des Prés d'Argis,ZD,0044,IP,alea_ruissellement_moyen,Inondation (Aléa ruissellement moyen ou centennal)
2026-08-20T15:37:59+00:00,Argis,01017,Chemin Voie des Prés d'Argis,ZD,0044,IQ,alea_ruissellement_rare,Inondation (Aléa ruissellement rare ou milléniall)
2026-08-20T15:37:59+00:00,Argis,01017,Chemin Voie des Prés d'Argis,ZD,0044,IK,alea_submersion_frequent,Inondation (Aléa submersion fréquent ou décennal)
2026-08-20T15:37:59+00:00,Argis,01017,Chemin Voie des Prés d'Argis,ZD,0044,IL,alea_submersion_moyen,Inondation (Aléa submersion moyen ou centennal)
2026-08-20T15:37:59+00:00,Argis,01017,Chemin Voie des Prés d'Argis,ZD,0044,IM,alea_submersion_moyen_cc,Inondation (Aléa submersion moyen ou centennal avec prise en compte du changement climatique)
2026-08-20T15:37:59+00:00,Argis,01017,Chemin Voie des Prés d'Argis,ZD,0044,IN,alea_submersion_rare,Inondation (Aléa submersion rare ou millénial)
2026-08-20T15:37:59+00:00,Argis,01017,Chemin Voie des Prés d'Argis,ZD,0044,ID,ouvrage_protection_inondation,Inondation (Ouvrages de protection)
2026-08-20T15:37:59+00:00,Argis,01017,Chemin Voie des Prés d'Argis,ZD,0044,IG,territoire_risque_important_inondation,Inondation (Territoires à risues importants d'inondation)
2026-08-20T15:37:59+00:00,Argis,01017,Chemin Voie des Prés d'Argis,ZD,0044,IF,zone_soustraite_alea_inondation,Inondation (Zone soustraittes à l'aléa Inondation)
2026-08-20T15:37:59+00:00,Argis,01017,Chemin Voie des Prés d'Argis,ZD,0044,IE,zone_sur_alea_inondation,Inondation (Zone de sur-aléa Inondation)
2026-08-20T15:39:39+00:00,Argis,01017,Chemin Voie des Prés d'Argis,ZD,0040,IH,alea_debordement_frequent,Inondation (Aléa débordement de cours d'eau fréquent ou décennal
2026-08-20T15:39:39+00:00,Argis,01017,Chemin Voie des Prés d'Argis,ZD,0040,II,alea_debordement_moyen,Inondation (Aléa débordement de cours d'eau moyen ou centennal
2026-08-20T15:39:39+00:00,Argis,01017,Chemin Voie des Prés d'Argis,ZD,0040,IJ,alea_debordement_rare,Inondation (Aléa débordement de cours d'eau rare ou millénial
2026-08-20T15:39:39+00:00,Argis,01017,Chemin Voie des Prés d'Argis,ZD,0040,IO,alea_ruissellement_frequent,Inondation (Aléa ruissellement fréquent ou décennal)
2026-08-20T15:39:39+00:00,Argis,01017,Chemin Voie des Prés d'Argis,ZD,0040,IP,alea_ruissellement_moyen,Inondation (Aléa ruissellement moyen ou centennal)
2026-08-20T15:39:39+00:00,Argis,01017,Chemin Voie des Prés d'Argis,ZD,0040,IQ,alea_ruissellement_rare,Inondation (Aléa ruissellement rare ou milléniall)
2026-08-20T15:39:39+00:00,Argis,01017,Chemin Voie des Prés d'Argis,ZD,0040,IK,alea_submersion_frequent,Inondation (Aléa submersion fréquent ou décennal)
2026-08-20T15:39:39+00:00,Argis,01017,Chemin Voie des Prés d'Argis,ZD,0040,IL,alea_submersion_moyen,Inondation (Aléa submersion moyen ou centennal)
2026-08-20T15:39:39+00:00,Argis,01017,Chemin Voie des Prés d'Argis,ZD,0040,IM,alea_submersion_moyen_cc,Inondation (Aléa submersion moyen ou centennal avec prise en compte du changement climatique)
2026-08-20T15:39:39+00:00,Argis,01017,Chemin Voie des Prés d'Argis,ZD,0040,IN,alea_submersion_rare,Inondation (Aléa submersion rare ou millénial)
2026-08-20T15:39:39+00:00,Argis,01017,Chemin Voie des Prés d'Argis,ZD,0040,ID,ouvrage_protection_inondation,Inondation (Ouvrages de protection)
2026-08-20T15:39:39+00:00,Argis,01017,Chemin Voie des Prés d'Argis,ZD,0040,IG,territoire_risque_important_inondation,Inondation (Territoires à risues importants d'inondation)
2026-08-20T15:39:39+00:00,Argis,01017,Chemin Voie des Prés d'Argis,ZD,0040,IF,zone_soustraite_alea_inondation,Inondation (Zone soustraittes à l'aléa Inondation)
2026-08-20T15:39:39+00:00,Argis,01017,Chemin Voie des Prés d'Argis,ZD,0040,IE,zone_sur_alea_inondation,Inondation (Zone de sur-aléa Inondation)
2026-08-20T15:41:23+00:00,Argis,01017,Chemin Voie des Prés d'Argis,ZD,0039,IH,alea_debordement_frequent,Inondation (Aléa débordement de cours d'eau fréquent ou décennal
2026-08-20T15:41:23+00:00,Argis,01017,Chemin Voie des Prés d'Argis,ZD,0039,II,alea_debordement_moyen,Inondation (Aléa débordement de cours d'eau moyen ou centennal
2026-08-20T15:41:23+00:00,Argis,01017,Chemin Voie des Prés d'Argis,ZD,0039,IJ,alea_debordement_rare,Inondation (Aléa débordement de cours d'eau rare ou millénial
2026-08-20T15:41:23+00:00,Argis,01017,Chemin Voie des Prés d'Argis,ZD,0039,IO,alea_ruissellement_frequent,Inondation (Aléa ruissellement fréquent ou décennal)
2026-08-20T15:41:23+00:00,Argis,01017,Chemin Voie des Prés d'Argis,ZD,0039,IP,alea_ruissellement_moyen,Inondation (Aléa ruissellement moyen ou centennal)
2026-08-20T15:41:23+00:00,Argis,01017,Chemin Voie des Prés d'Argis,ZD,0039,IQ,alea_ruissellement_rare,Inondation (Aléa ruissellement rare ou milléniall)
2026-08-20T15:41:23+00:00,Argis,01017,Chemin Voie des Prés d'Argis,ZD,0039,IK,alea_submersion_frequent,Inondation (Aléa submersion fréquent ou décennal)
2026-08-20T15:41:23+00:00,Argis,01017,Chemin Voie des Prés d'Argis,ZD,0039,IL,alea_submersion_moyen,Inondation (Aléa submersion moyen ou centennal)
2026-08-20T15:41:23+00:00,Argis,01017,Chemin Voie des Prés d'Argis,ZD,0039,IM,alea_submersion_moyen_cc,Inondation (Aléa submersion moyen ou centennal avec prise en compte du changement climatique)
2026-08-20T15:41:23+00:00,Argis,01017,Chemin Voie des Prés d'Argis,ZD,0039,IN,alea_submersion_rare,Inondation (Aléa submersion rare ou millénial)
2026-08-20T15:41:23+00:00,Argis,01017,Chemin Voie des Prés d'Argis,ZD,0039,ID,ouvrage_protection_inondation,Inondation (Ouvrages de protection)
2026-08-20T15:41:23+00:00,Argis,01017,Chemin Voie des Prés d'Argis,ZD,0039,IG,territoire_risque_important_inondation,Inondation (Territoires à risues importants d'inondation)
2026-08-20T15:41:23+00:00,Argis,01017,Chemin Voie des Prés d'Argis,ZD,0039,IF,zone_soustraite_alea_inondation,Inondation (Zone soustraittes à l'aléa Inondation)
2026-08-20T15:41:23+00:00,Argis,01017,Chemin Voie des Prés d'Argis,ZD,0039,IE,zone_sur_alea_inondation,Inondation (Zone de sur-aléa Inondation)
2026-08-20T15:43:05+00:00,Argis,01017,Chemin Voie des Prés d'Argis,ZD,0036,IH,alea_debordement_frequent,Inondation (Aléa débordement de cours d'eau fréquent ou décennal
2026-08-20T15:43:05+00:00,Argis,01017,Chemin Voie des Prés d'Argis,ZD,0036,II,alea_debordement_moyen,Inondation (Aléa débordement de cours d'eau moyen ou centennal
2026-08-20T15:43:05+00:00,Argis,01017,Chemin Voie des Prés d'Argis,ZD,0036,IJ,alea_debordement_rare,Inondation (Aléa débordement de cours d'eau rare ou millénial
2026-08-20T15:43:05+00:00,Argis,01017,Chemin Voie des Prés d'Argis,ZD,0036,IO,alea_ruissellement_frequent,Inondation (Aléa ruissellement fréquent ou décennal)
2026-08-20T15:43:05+00:00,Argis,01017,Chemin Voie des Prés d'Argis,ZD,0036,IP,alea_ruissellement_moyen,Inondation (Aléa ruissellement moyen ou centennal)
2026-08-20T15:43:05+00:00,Argis,01017,Chemin Voie des Prés d'Argis,ZD,0036,IQ,alea_ruissellement_rare,Inondation (Aléa ruissellement rare ou milléniall)
2026-08-20T15:43:05+00:00,Argis,01017,Chemin Voie des Prés d'Argis,ZD,0036,IK,alea_submersion_frequent,Inondation (Aléa submersion fréquent ou décennal)
2026-08-20T15:43:05+00:00,Argis,01017,Chemin Voie des Prés d'Argis,ZD,0036,IL,alea_submersion_moyen,Inondation (Aléa submersion moyen ou centennal)
2026-08-20T15:43:05+00:00,Argis,01017,Chemin Voie des Prés d'Argis,ZD,0036,IM,alea_submersion_moyen_cc,Inondation (Aléa submersion moyen ou centennal avec prise en compte du changement climatique)
2026-08-20T15:43:05+00:00,Argis,01017,Chemin Voie des Prés d'Argis,ZD,0036,IN,alea_submersion_rare,Inondation (Aléa submersion rare ou millénial)
2026-08-20T15:43:05+00:00,Argis,01017,Chemin Voie des Prés d'Argis,ZD,0036,ID,ouvrage_protection_inondation,Inondation (Ouvrages de protection)
2026-08-20T15:43:05+00:00,Argis,01017,Chemin Voie des Prés d'Argis,ZD,0036,IG,territoire_risque_important_inondation,Inondation (Territoires à risues importants d'inondation)
2026-08-20T15:43:05+00:00,Argis,01017,Chemin Voie des Prés d'Argis,ZD,0036,IF,zone_soustraite_alea_inondation,Inondation (Zone soustraittes à l'aléa Inondation)
2026-08-20T15:43:05+00:00,Argis,01017,Chemin Voie des Prés d'Argis,ZD,0036,IE,zone_sur_alea_inondation,Inondation (Zone de sur-aléa Inondation)
2026-08-20T15:44:48+00:00,Argis,01017,Chemin Voie des Prés d'Argis,ZD,0045,IH,alea_debordement_frequent,Inondation (Aléa débordement de cours d'eau fréquent ou décennal
2026-08-20T15:44:48+00:00,Argis,01017,Chemin Voie des Prés d'Argis,ZD,0045,II,alea_debordement_moyen,Inondation (Aléa débordement de cours d'eau moyen ou centennal
2026-08-20T15:44:48+00:00,Argis,01017,Chemin Voie des Prés d'Argis,ZD,0045,IJ,alea_debordement_rare,Inondation (Aléa débordement de cours d'eau rare ou millénial
2026-08-20T15:44:48+00:00,Argis,01017,Chemin Voie des Prés d'Argis,ZD,0045,IO,alea_ruissellement_frequent,Inondation (Aléa ruissellement fréquent ou décennal)
2026-08-20T15:44:48+00:00,Argis,01017,Chemin Voie des Prés d'Argis,ZD,0045,IP,alea_ruissellement_moyen,Inondation (Aléa ruissellement moyen ou centennal)
2026-08-20T15:44:48+00:00,Argis,01017,Chemin Voie des Prés d'Argis,ZD,0045,IQ,alea_ruissellement_rare,Inondation (Aléa ruissellement rare ou milléniall)
2026-08-20T15:44:48+00:00,Argis,01017,Chemin Voie des Prés d'Argis,ZD,0045,IK,alea_submersion_frequent,Inondation (Aléa submersion fréquent ou décennal)
2026-08-20T15:44:48+00:00,Argis,01017,Chemin Voie des Prés d'Argis,ZD,0045,IL,alea_submersion_moyen,Inondation (Aléa submersion moyen ou centennal)
2026-08-20T15:44:48+00:00,Argis,01017,Chemin Voie des Prés d'Argis,ZD,0045,IM,alea_submersion_moyen_cc,Inondation (Aléa submersion moyen ou centennal avec prise en compte du changement climatique)
2026-08-20T15:44:48+00:00,Argis,01017,Chemin Voie des Prés d'Argis,ZD,0045,IN,alea_submersion_rare,Inondation (Aléa submersion rare ou millénial)
2026-08-20T15:44:48+00:00,Argis,01017,Chemin Voie des Prés d'Argis,ZD,0045,ID,ouvrage_protection_inondation,Inondation (Ouvrages de protection)
2026-08-20T15:44:48+00:00,Argis,01017,Chemin Voie des Prés d'Argis,ZD,0045,IG,territoire_risque_important_inondation,Inondation (Territoires à risues importants d'inondation)
2026-08-20T15:44:48+00:00,Argis,01017,Chemin Voie des Prés d'Argis,ZD,0045,IF,zone_soustraite_alea_inondation,Inondation (Zone soustraittes à l'aléa Inondation)
2026-08-20T15:44:48+00:00,Argis,01017,Chemin Voie des Prés d'Argis,ZD,0045,IE,zone_sur_alea_inondation,Inondation (Zone de sur-aléa Inondation)
2026-08-20T15:46:27+00:00,Argis,01017,Chemin Voie des Prés d'Argis,ZD,0046,IH,alea_debordement_frequent,Inondation (Aléa débordement de cours d'eau fréquent ou décennal
2026-08-20T15:46:27+00:00,Argis,01017,Chemin Voie des Prés d'Argis,ZD,0046,II,alea_debordement_moyen,Inondation (Aléa débordement de cours d'eau moyen ou centennal
2026-08-20T15:46:27+00:00,Argis,01017,Chemin Voie des Prés d'Argis,ZD,0046,IJ,alea_debordement_rare,Inondation (Aléa débordement de cours d'eau rare ou millénial
2026-08-20T15:46:27+00:00,Argis,01017,Chemin Voie des Prés d'Argis,ZD,0046,IO,alea_ruissellement_frequent,Inondation (Aléa ruissellement fréquent ou décennal)
2026-08-20T15:46:27+00:00,Argis,01017,Chemin Voie des Prés d'Argis,ZD,0046,IP,alea_ruissellement_moyen,Inondation (Aléa ruissellement moyen ou centennal)
2026-08-20T15:46:27+00:00,Argis,01017,Chemin Voie des Prés d'Argis,ZD,0046,IQ,alea_ruissellement_rare,Inondation (Aléa ruissellement rare ou milléniall)
2026-08-20T15:46:27+00:00,Argis,01017,Chemin Voie des Prés d'Argis,ZD,0046,IK,alea_submersion_frequent,Inondation (Aléa submersion fréquent ou décennal)
2026-08-20T15:46:27+00:00,Argis,01017,Chemin Voie des Prés d'Argis,ZD,0046,IL,alea_submersion_moyen,Inondation (Aléa submersion moyen ou centennal)
2026-08-20T15:46:27+00:00,Argis,01017,Chemin Voie des Prés d'Argis,ZD,0046,IM,alea_submersion_moyen_cc,Inondation (Aléa submersion moyen ou centennal avec prise en compte du changement climatique)
2026-08-20T15:46:27+00:00,Argis,01017,Chemin Voie des Prés d'Argis,ZD,0046,IN,alea_submersion_rare,Inondation (Aléa submersion rare ou millénial)
2026-08-20T15:46:27+00:00,Argis,01017,Chemin Voie des Prés d'Argis,ZD,0046,ID,ouvrage_protection_inondation,Inondation (Ouvrages de protection)
2026-08-20T15:46:27+00:00,Argis,01017,Chemin Voie des Prés d'Argis,ZD,0046,IG,territoire_risque_important_inondation,Inondation (Territoires à risues importants d'inondation)
2026-08-20T15:46:27+00:00,Argis,01017,Chemin Voie des Prés d'Argis,ZD,0046,IF,zone_soustraite_alea_inondation,Inondation (Zone soustraittes à l'aléa Inondation)
2026-08-20T15:46:27+00:00,Argis,01017,Chemin Voie des Prés d'Argis,ZD,0046,IE,zone_sur_alea_inondation,Inondation (Zone de sur-aléa Inondation)
2026-08-20T15:48:09+00:00,Argis,01017,Chemin Voie des Prés d'Argis,ZD,0047,IH,alea_debordement_frequent,Inondation (Aléa débordement de cours d'eau fréquent ou décennal
2026-08-20T15:48:09+00:00,Argis,01017,Chemin Voie des Prés d'Argis,ZD,0047,II,alea_debordement_moyen,Inondation (Aléa débordement de cours d'eau moyen ou centennal
2026-08-20T15:48:09+00:00,Argis,01017,Chemin Voie des Prés d'Argis,ZD,0047,IJ,alea_debordement_rare,Inondation (Aléa débordement de cours d'eau rare ou millénial
2026-08-20T15:48:09+00:00,Argis,01017,Chemin Voie des Prés d'Argis,ZD,0047,IO,alea_ruissellement_frequent,Inondation (Aléa ruissellement fréquent ou décennal)
2026-08-20T15:48:09+00:00,Argis,01017,Chemin Voie des Prés d'Argis,ZD,0047,IP,alea_ruissellement_moyen,Inondation (Aléa ruissellement moyen ou centennal)
2026-08-20T15:48:09+00:00,Argis,01017,Chemin Voie des Prés d'Argis,ZD,0047,IQ,alea_ruissellement_rare,Inondation (Aléa ruissellement rare ou milléniall)
2026-08-20T15:48:09+00:00,Argis,01017,Chemin Voie des Prés d'Argis,ZD,0047,IK,alea_submersion_frequent,Inondation (Aléa submersion fréquent ou décennal)
2026-08-20T15:48:09+00:00,Argis,01017,Chemin Voie des Prés d'Argis,ZD,0047,IL,alea_submersion_moyen,Inondation (Aléa submersion moyen ou centennal)
2026-08-20T15:48:09+00:00,Argis,01017,Chemin Voie des Prés d'Argis,ZD,0047,IM,alea_submersion_moyen_cc,Inondation (Aléa submersion moyen ou centennal avec prise en compte du changement climatique)
2026-08-20T15:48:09+00:00,Argis,01017,Chemin Voie des Prés d'Argis,ZD,0047,IN,alea_submersion_rare,Inondation (Aléa submersion rare ou millénial)
2026-08-20T15:48:09+00:00,Argis,01017,Chemin Voie des Prés d'Argis,ZD,0047,ID,ouvrage_protection_inondation,Inondation (Ouvrages de protection)
2026-08-20T15:48:09+00:00,Argis,01017,Chemin Voie des Prés d'Argis,ZD,0047,IG,territoire_risque_important_inondation,Inondation (Territoires à risues importants d'inondation)
2026-08-20T15:48:09+00:00,Argis,01017,Chemin Voie des Prés d'Argis,ZD,0047,IF,zone_soustraite_alea_inondation,Inondation (Zone soustraittes à l'aléa Inondation)
2026-08-20T15:48:09+00:00,Argis,01017,Chemin Voie des Prés d'Argis,ZD,0047,IE,zone_sur_alea_inondation,Inondation (Zone de sur-aléa Inondation)
2026-08-20T15:49:47+00:00,Argis,01017,Chemin Voie des Prés d'Argis,ZD,0096,IH,alea_debordement_frequent,Inondation (Aléa débordement de cours d'eau fréquent ou décennal
2026-08-20T15:49:47+00:00,Argis,01017,Chemin Voie des Prés d'Argis,ZD,0096,II,alea_debordement_moyen,Inondation (Aléa débordement de cours d'eau moyen ou centennal
2026-08-20T15:49:47+00:00,Argis,01017,Chemin Voie des Prés d'Argis,ZD,0096,IJ,alea_debordement_rare,Inondation (Aléa débordement de cours d'eau rare ou millénial
2026-08-20T15:49:47+00:00,Argis,01017,Chemin Voie des Prés d'Argis,ZD,0096,IO,alea_ruissellement_frequent,Inondation (Aléa ruissellement fréquent ou décennal)
2026-08-20T15:49:47+00:00,Argis,01017,Chemin Voie des Prés d'Argis,ZD,0096,IP,alea_ruissellement_moyen,Inondation (Aléa ruissellement moyen ou centennal)
2026-08-20T15:49:47+00:00,Argis,01017,Chemin Voie des Prés d'Argis,ZD,0096,IQ,alea_ruissellement_rare,Inondation (Aléa ruissellement rare ou milléniall)
2026-08-20T15:49:47+00:00,Argis,01017,Chemin Voie des Prés d'Argis,ZD,0096,IK,alea_submersion_frequent,Inondation (Aléa submersion fréquent ou décennal)
2026-08-20T15:49:47+00:00,Argis,01017,Chemin Voie des Prés d'Argis,ZD,0096,IL,alea_submersion_moyen,Inondation (Aléa submersion moyen ou centennal)
2026-08-20T15:49:47+00:00,Argis,01017,Chemin Voie des Prés d'Argis,ZD,0096,IM,alea_submersion_moyen_cc,Inondation (Aléa submersion moyen ou centennal avec prise en compte du changement climatique)
2026-08-20T15:49:47+00:00,Argis,01017,Chemin Voie des Prés d'Argis,ZD,0096,IN,alea_submersion_rare,Inondation (Aléa submersion rare ou millénial)
2026-08-20T15:49:47+00:00,Argis,01017,Chemin Voie des Prés d'Argis,ZD,0096,ID,ouvrage_protection_inondation,Inondation (Ouvrages de protection)
2026-08-20T15:49:47+00:00,Argis,01017,Chemin Voie des Prés d'Argis,ZD,0096,IG,territoire_risque_important_inondation,Inondation (Territoires à risues importants d'inondation)
2026-08-20T15:49:47+00:00,Argis,01017,Chemin Voie des Prés d'Argis,ZD,0096,IF,zone_soustraite_alea_inondation,Inondation (Zone soustraittes à l'aléa Inondation)
2026-08-20T15:49:47+00:00,Argis,01017,Chemin Voie des Prés d'Argis,ZD,0096,IE,zone_sur_alea_inondation,Inondation (Zone de sur-aléa Inondation)
2026-08-20T15:53:03+00:00,Argis,01017,Chemin Voie des Prés d'Argis,ZD,0094,IH,alea_debordement_frequent,Inondation (Aléa débordement de cours d'eau fréquent ou décennal
2026-08-20T15:53:03+00:00,Argis,01017,Chemin Voie des Prés d'Argis,ZD,0094,II,alea_debordement_moyen,Inondation (Aléa débordement de cours d'eau moyen ou centennal
2026-08-20T15:53:03+00:00,Argis,01017,Chemin Voie des Prés d'Argis,ZD,0094,IJ,alea_debordement_rare,Inondation (Aléa débordement de cours d'eau rare ou millénial
2026-08-20T15:53:03+00:00,Argis,01017,Chemin Voie des Prés d'Argis,ZD,0094,IO,alea_ruissellement_frequent,Inondation (Aléa ruissellement fréquent ou décennal)
2026-08-20T15:53:03+00:00,Argis,01017,Chemin Voie des Prés d'Argis,ZD,0094,IP,alea_ruissellement_moyen,Inondation (Aléa ruissellement moyen ou centennal)
2026-08-20T15:53:03+00:00,Argis,01017,Chemin Voie des Prés d'Argis,ZD,0094,IQ,alea_ruissellement_rare,Inondation (Aléa ruissellement rare ou milléniall)
2026-08-20T15:53:03+00:00,Argis,01017,Chemin Voie des Prés d'Argis,ZD,0094,IK,alea_submersion_frequent,Inondation (Aléa submersion fréquent ou décennal)
2026-08-20T15:53:03+00:00,Argis,01017,Chemin Voie des Prés d'Argis,ZD,0094,IL,alea_submersion_moyen,Inondation (Aléa submersion moyen ou centennal)
2026-08-20T15:53:03+00:00,Argis,01017,Chemin Voie des Prés d'Argis,ZD,0094,IM,alea_submersion_moyen_cc,Inondation (Aléa submersion moyen ou centennal avec prise en compte du changement climatique)
2026-08-20T15:53:03+00:00,Argis,01017,Chemin Voie des Prés d'Argis,ZD,0094,IN,alea_submersion_rare,Inondation (Aléa submersion rare ou millénial)
2026-08-20T15:53:03+00:00,Argis,01017,Chemin Voie des Prés d'Argis,ZD,0094,ID,ouvrage_protection_inondation,Inondation (Ouvrages de protection)
2026-08-20T15:53:03+00:00,Argis,01017,Chemin Voie des Prés d'Argis,ZD,0094,IG,territoire_risque_important_inondation,Inondation (Territoires à risues importants d'inondation)
2026-08-20T15:53:03+00:00,Argis,01017,Chemin Voie des Prés d'Argis,ZD,0094,IF,zone_soustraite_alea_inondation,Inondation (Zone soustraittes à l'aléa Inondation)
2026-08-20T15:53:03+00:00,Argis,01017,Chemin Voie des Prés d'Argis,ZD,0094,IE,zone_sur_alea_inondation,Inondation (Zone de sur-aléa Inondation)
2026-08-20T15:54:45+00:00,Argis,01017,Chemin Voie des Prés d'Argis,ZD,0093,IH,alea_debordement_frequent,Inondation (Aléa débordement de cours d'eau fréquent ou décennal
2026-08-20T15:54:45+00:00,Argis,01017,Chemin Voie des Prés d'Argis,ZD,0093,II,alea_debordement_moyen,Inondation (Aléa débordement de cours d'eau moyen ou centennal
2026-08-20T15:54:45+00:00,Argis,01017,Chemin Voie des Prés d'Argis,ZD,0093,IJ,alea_debordement_rare,Inondation (Aléa débordement de cours d'eau rare ou millénial
2026-08-20T15:54:45+00:00,Argis,01017,Chemin Voie des Prés d'Argis,ZD,0093,IO,alea_ruissellement_frequent,Inondation (Aléa ruissellement fréquent ou décennal)
2026-08-20T15:54:45+00:00,Argis,01017,Chemin Voie des Prés d'Argis,ZD,0093,IP,alea_ruissellement_moyen,Inondation (Aléa ruissellement moyen ou centennal)
2026-08-20T15:54:45+00:00,Argis,01017,Chemin Voie des Prés d'Argis,ZD,0093,IQ,alea_ruissellement_rare,Inondation (Aléa ruissellement rare ou milléniall)
2026-08-20T15:54:45+00:00,Argis,01017,Chemin Voie des Prés d'Argis,ZD,0093,IK,alea_submersion_frequent,Inondation (Aléa submersion fréquent ou décennal)
2026-08-20T15:54:45+00:00,Argis,01017,Chemin Voie des Prés d'Argis,ZD,0093,IL,alea_submersion_moyen,Inondation (Aléa submersion moyen ou centennal)
2026-08-20T15:54:45+00:00,Argis,01017,Chemin Voie des Prés d'Argis,ZD,0093,IM,alea_submersion_moyen_cc,Inondation (Aléa submersion moyen ou centennal avec prise en compte du changement climatique)
2026-08-20T15:54:45+00:00,Argis,01017,Chemin Voie des Prés d'Argis,ZD,0093,IN,alea_submersion_rare,Inondation (Aléa submersion rare ou millénial)
2026-08-20T15:54:45+00:00,Argis,01017,Chemin Voie des Prés d'Argis,ZD,0093,ID,ouvrage_protection_inondation,Inondation (Ouvrages de protection)
2026-08-20T15:54:45+00:00,Argis,01017,Chemin Voie des Prés d'Argis,ZD,0093,IG,territoire_risque_important_inondation,Inondation (Territoires à risues importants d'inondation)
2026-08-20T15:54:45+00:00,Argis,01017,Chemin Voie des Prés d'Argis,ZD,0093,IF,zone_soustraite_alea_inondation,Inondation (Zone soustraittes à l'aléa Inondation)
2026-08-20T15:54:45+00:00,Argis,01017,Chemin Voie des Prés d'Argis,ZD,0093,IE,zone_sur_alea_inondation,Inondation (Zone de sur-aléa Inondation)
2026-08-20T15:56:24+00:00,Argis,01017,Chemin Voie des Prés d'Argis,ZD,0092,IH,alea_debordement_frequent,Inondation (Aléa débordement de cours d'eau fréquent ou décennal
2026-08-20T15:56:24+00:00,Argis,01017,Chemin Voie des Prés d'Argis,ZD,0092,II,alea_debordement_moyen,Inondation (Aléa débordement de cours d'eau moyen ou centennal
2026-08-20T15:56:24+00:00,Argis,01017,Chemin Voie des Prés d'Argis,ZD,0092,IJ,alea_debordement_rare,Inondation (Aléa débordement de cours d'eau rare ou millénial
2026-08-20T15:56:24+00:00,Argis,01017,Chemin Voie des Prés d'Argis,ZD,0092,IO,alea_ruissellement_frequent,Inondation (Aléa ruissellement fréquent ou décennal)
2026-08-20T15:56:24+00:00,Argis,01017,Chemin Voie des Prés d'Argis,ZD,0092,IP,alea_ruissellement_moyen,Inondation (Aléa ruissellement moyen ou centennal)
2026-08-20T15:56:24+00:00,Argis,01017,Chemin Voie des Prés d'Argis,ZD,0092,IQ,alea_ruissellement_rare,Inondation (Aléa ruissellement rare ou milléniall)
2026-08-20T15:56:24+00:00,Argis,01017,Chemin Voie des Prés d'Argis,ZD,0092,IK,alea_submersion_frequent,Inondation (Aléa submersion fréquent ou décennal)
2026-08-20T15:56:24+00:00,Argis,01017,Chemin Voie des Prés d'Argis,ZD,0092,IL,alea_submersion_moyen,Inondation (Aléa submersion moyen ou centennal)
2026-08-20T15:56:24+00:00,Argis,01017,Chemin Voie des Prés d'Argis,ZD,0092,IM,alea_submersion_moyen_cc,Inondation (Aléa submersion moyen ou centennal avec prise en compte du changement climatique)
2026-08-20T15:56:24+00:00,Argis,01017,Chemin Voie des Prés d'Argis,ZD,0092,IN,alea_submersion_rare,Inondation (Aléa submersion rare ou millénial)
2026-08-20T15:56:24+00:00,Argis,01017,Chemin Voie des Prés d'Argis,ZD,0092,ID,ouvrage_protection_inondation,Inondation (Ouvrages de protection)
2026-08-20T15:56:24+00:00,Argis,01017,Chemin Voie des Prés d'Argis,ZD,0092,IG,territoire_risque_important_inondation,Inondation (Territoires à risues importants d'inondation)
2026-08-20T15:56:24+00:00,Argis,01017,Chemin Voie des Prés d'Argis,ZD,0092,IF,zone_soustraite_alea_inondation,Inondation (Zone soustraittes à l'aléa Inondation)
2026-08-20T15:56:24+00:00,Argis,01017,Chemin Voie des Prés d'Argis,ZD,0092,IE,zone_sur_alea_inondation,Inondation (Zone de sur-aléa Inondation)
2026-08-20T15:58:10+00:00,Argis,01017,Chemin Voie des Prés d'Argis,ZD,0090,IH,alea_debordement_frequent,Inondation (Aléa débordement de cours d'eau fréquent ou décennal
2026-08-20T15:58:10+00:00,Argis,01017,Chemin Voie des Prés d'Argis,ZD,0090,II,alea_debordement_moyen,Inondation (Aléa débordement de cours d'eau moyen ou centennal
2026-08-20T15:58:10+00:00,Argis,01017,Chemin Voie des Prés d'Argis,ZD,0090,IJ,alea_debordement_rare,Inondation (Aléa débordement de cours d'eau rare ou millénial
2026-08-20T15:58:10+00:00,Argis,01017,Chemin Voie des Prés d'Argis,ZD,0090,IO,alea_ruissellement_frequent,Inondation (Aléa ruissellement fréquent ou décennal)
2026-08-20T15:58:10+00:00,Argis,01017,Chemin Voie des Prés d'Argis,ZD,0090,IP,alea_ruissellement_moyen,Inondation (Aléa ruissellement moyen ou centennal)
2026-08-20T15:58:10+00:00,Argis,01017,Chemin Voie des Prés d'Argis,ZD,0090,IQ,alea_ruissellement_rare,Inondation (Aléa ruissellement rare ou milléniall)
2026-08-20T15:58:10+00:00,Argis,01017,Chemin Voie des Prés d'Argis,ZD,0090,IK,alea_submersion_frequent,Inondation (Aléa submersion fréquent ou décennal)
2026-08-20T15:58:10+00:00,Argis,01017,Chemin Voie des Prés d'Argis,ZD,0090,IL,alea_submersion_moyen,Inondation (Aléa submersion moyen ou centennal)
2026-08-20T15:58:10+00:00,Argis,01017,Chemin Voie des Prés d'Argis,ZD,0090,IM,alea_submersion_moyen_cc,Inondation (Aléa submersion moyen ou centennal avec prise en compte du changement climatique)
2026-08-20T15:58:10+00:00,Argis,01017,Chemin Voie des Prés d'Argis,ZD,0090,IN,alea_submersion_rare,Inondation (Aléa submersion rare ou millénial)
2026-08-20T15:58:10+00:00,Argis,01017,Chemin Voie des Prés d'Argis,ZD,0090,ID,ouvrage_protection_inondation,Inondation (Ouvrages de protection)
2026-08-20T15:58:10+00:00,Argis,01017,Chemin Voie des Prés d'Argis,ZD,0090,IG,territoire_risque_important_inondation,Inondation (Territoires à risues importants d'inondation)
2026-08-20T15:58:10+00:00,Argis,01017,Chemin Voie des Prés d'Argis,ZD,0090,IF,zone_soustraite_alea_inondation,Inondation (Zone soustraittes à l'aléa Inondation)
2026-08-20T15:58:10+00:00,Argis,01017,Chemin Voie des Prés d'Argis,ZD,0090,IE,zone_sur_alea_inondation,Inondation (Zone de sur-aléa Inondation)
2026-08-20T15:59:49+00:00,Argis,01017,Chemin Voie des Prés d'Argis,ZD,0089,IH,alea_debordement_frequent,Inondation (Aléa débordement de cours d'eau fréquent ou décennal
2026-08-20T15:59:49+00:00,Argis,01017,Chemin Voie des Prés d'Argis,ZD,0089,II,alea_debordement_moyen,Inondation (Aléa débordement de cours d'eau moyen ou centennal
2026-08-20T15:59:49+00:00,Argis,01017,Chemin Voie des Prés d'Argis,ZD,0089,IJ,alea_debordement_rare,Inondation (Aléa débordement de cours d'eau rare ou millénial
2026-08-20T15:59:49+00:00,Argis,01017,Chemin Voie des Prés d'Argis,ZD,0089,IO,alea_ruissellement_frequent,Inondation (Aléa ruissellement fréquent ou décennal)
2026-08-20T15:59:49+00:00,Argis,01017,Chemin Voie des Prés d'Argis,ZD,0089,IP,alea_ruissellement_moyen,Inondation (Aléa ruissellement moyen ou centennal)
2026-08-20T15:59:49+00:00,Argis,01017,Chemin Voie des Prés d'Argis,ZD,0089,IQ,alea_ruissellement_rare,Inondation (Aléa ruissellement rare ou milléniall)
2026-08-20T15:59:49+00:00,Argis,01017,Chemin Voie des Prés d'Argis,ZD,0089,IK,alea_submersion_frequent,Inondation (Aléa submersion fréquent ou décennal)
2026-08-20T15:59:49+00:00,Argis,01017,Chemin Voie des Prés d'Argis,ZD,0089,IL,alea_submersion_moyen,Inondation (Aléa submersion moyen ou centennal)
2026-08-20T15:59:49+00:00,Argis,01017,Chemin Voie des Prés d'Argis,ZD,0089,IM,alea_submersion_moyen_cc,Inondation (Aléa submersion moyen ou centennal avec prise en compte du changement climatique)
2026-08-20T15:59:49+00:00,Argis,01017,Chemin Voie des Prés d'Argis,ZD,0089,IN,alea_submersion_rare,Inondation (Aléa submersion rare ou millénial)
2026-08-20T15:59:49+00:00,Argis,01017,Chemin Voie des Prés d'Argis,ZD,0089,ID,ouvrage_protection_inondation,Inondation (Ouvrages de protection)
2026-08-20T15:59:49+00:00,Argis,01017,Chemin Voie des Prés d'Argis,ZD,0089,IG,territoire_risque_important_inondation,Inondation (Territoires à risues importants d'inondation)
2026-08-20T15:59:49+00:00,Argis,01017,Chemin Voie des Prés d'Argis,ZD,0089,IF,zone_soustraite_alea_inondation,Inondation (Zone soustraittes à l'aléa Inondation)
2026-08-20T15:59:49+00:00,Argis,01017,Chemin Voie des Prés d'Argis,ZD,0089,IE,zone_sur_alea_inondation,Inondation (Zone de sur-aléa Inondation)
2026-08-20T16:01:30+00:00,Argis,01017,Chemin Voie des Prés d'Argis,ZD,0086,IH,alea_debordement_frequent,Inondation (Aléa débordement de cours d'eau fréquent ou décennal
2026-08-20T16:01:30+00:00,Argis,01017,Chemin Voie des Prés d'Argis,ZD,0086,II,alea_debordement_moyen,Inondation (Aléa débordement de cours d'eau moyen ou centennal
2026-08-20T16:01:30+00:00,Argis,01017,Chemin Voie des Prés d'Argis,ZD,0086,IJ,alea_debordement_rare,Inondation (Aléa débordement de cours d'eau rare ou millénial
2026-08-20T16:01:30+00:00,Argis,01017,Chemin Voie des Prés d'Argis,ZD,0086,IO,alea_ruissellement_frequent,Inondation (Aléa ruissellement fréquent ou décennal)
2026-08-20T16:01:30+00:00,Argis,01017,Chemin Voie des Prés d'Argis,ZD,0086,IP,alea_ruissellement_moyen,Inondation (Aléa ruissellement moyen ou centennal)
2026-08-20T16:01:30+00:00,Argis,01017,Chemin Voie des Prés d'Argis,ZD,0086,IQ,alea_ruissellement_rare,Inondation (Aléa ruissellement rare ou milléniall)
2026-08-20T16:01:30+00:00,Argis,01017,Chemin Voie des Prés d'Argis,ZD,0086,IK,alea_submersion_frequent,Inondation (Aléa submersion fréquent ou décennal)
2026-08-20T16:01:30+00:00,Argis,01017,Chemin Voie des Prés d'Argis,ZD,0086,IL,alea_submersion_moyen,Inondation (Aléa submersion moyen ou centennal)
2026-08-20T16:01:30+00:00,Argis,01017,Chemin Voie des Prés d'Argis,ZD,0086,IM,alea_submersion_moyen_cc,Inondation (Aléa submersion moyen ou centennal avec prise en compte du changement climatique)
2026-08-20T16:01:30+00:00,Argis,01017,Chemin Voie des Prés d'Argis,ZD,0086,IN,alea_submersion_rare,Inondation (Aléa submersion rare ou millénial)
2026-08-20T16:01:30+00:00,Argis,01017,Chemin Voie des Prés d'Argis,ZD,0086,ID,ouvrage_protection_inondation,Inondation (Ouvrages de protection)
2026-08-20T16:01:30+00:00,Argis,01017,Chemin Voie des Prés d'Argis,ZD,0086,IG,territoire_risque_important_inondation,Inondation (Territoires à risues importants d'inondation)
2026-08-20T16:01:30+00:00,Argis,01017,Chemin Voie des Prés d'Argis,ZD,0086,IF,zone_soustraite_alea_inondation,Inondation (Zone soustraittes à l'aléa Inondation)
2026-08-20T16:01:30+00:00,Argis,01017,Chemin Voie des Prés d'Argis,ZD,0086,IE,zone_sur_alea_inondation,Inondation (Zone de sur-aléa Inondation)
2026-08-20T16:03:08+00:00,Argis,01017,Chemin Voie des Prés d'Argis,ZD,0056,IH,alea_debordement_frequent,Inondation (Aléa débordement de cours d'eau fréquent ou décennal
2026-08-20T16:03:08+00:00,Argis,01017,Chemin Voie des Prés d'Argis,ZD,0056,II,alea_debordement_moyen,Inondation (Aléa débordement de cours d'eau moyen ou centennal
2026-08-20T16:03:08+00:00,Argis,01017,Chemin Voie des Prés d'Argis,ZD,0056,IJ,alea_debordement_rare,Inondation (Aléa débordement de cours d'eau rare ou millénial
2026-08-20T16:03:08+00:00,Argis,01017,Chemin Voie des Prés d'Argis,ZD,0056,IO,alea_ruissellement_frequent,Inondation (Aléa ruissellement fréquent ou décennal)
2026-08-20T16:03:08+00:00,Argis,01017,Chemin Voie des Prés d'Argis,ZD,0056,IP,alea_ruissellement_moyen,Inondation (Aléa ruissellement moyen ou centennal)
2026-08-20T16:03:08+00:00,Argis,01017,Chemin Voie des Prés d'Argis,ZD,0056,IQ,alea_ruissellement_rare,Inondation (Aléa ruissellement rare ou milléniall)
2026-08-20T16:03:08+00:00,Argis,01017,Chemin Voie des Prés d'Argis,ZD,0056,IK,alea_submersion_frequent,Inondation (Aléa submersion fréquent ou décennal)
2026-08-20T16:03:08+00:00,Argis,01017,Chemin Voie des Prés d'Argis,ZD,0056,IL,alea_submersion_moyen,Inondation (Aléa submersion moyen ou centennal)
2026-08-20T16:03:08+00:00,Argis,01017,Chemin Voie des Prés d'Argis,ZD,0056,IM,alea_submersion_moyen_cc,Inondation (Aléa submersion moyen ou centennal avec prise en compte du changement climatique)
2026-08-20T16:03:08+00:00,Argis,01017,Chemin Voie des Prés d'Argis,ZD,0056,IN,alea_submersion_rare,Inondation (Aléa submersion rare ou millénial)
2026-08-20T16:03:08+00:00,Argis,01017,Chemin Voie des Prés d'Argis,ZD,0056,ID,ouvrage_protection_inondation,Inondation (Ouvrages de protection)
2026-08-20T16:03:08+00:00,Argis,01017,Chemin Voie des Prés d'Argis,ZD,0056,IG,territoire_risque_important_inondation,Inondation (Territoires à risues importants d'inondation)
2026-08-20T16:03:08+00:00,Argis,01017,Chemin Voie des Prés d'Argis,ZD,0056,IF,zone_soustraite_alea_inondation,Inondation (Zone soustraittes à l'aléa Inondation)
2026-08-20T16:03:08+00:00,Argis,01017,Chemin Voie des Prés d'Argis,ZD,0056,IE,zone_sur_alea_inondation,Inondation (Zone de sur-aléa Inondation)
2026-08-20T16:04:52+00:00,Argis,01017,Chemin de la Morandière,ZD,0072,IH,alea_debordement_frequent,Inondation (Aléa débordement de cours d'eau fréquent ou décennal
2026-08-20T16:04:52+00:00,Argis,01017,Chemin de la Morandière,ZD,0072,II,alea_debordement_moyen,Inondation (Aléa débordement de cours d'eau moyen ou centennal
2026-08-20T16:04:52+00:00,Argis,01017,Chemin de la Morandière,ZD,0072,IJ,alea_debordement_rare,Inondation (Aléa débordement de cours d'eau rare ou millénial
2026-08-20T16:04:52+00:00,Argis,01017,Chemin de la Morandière,ZD,0072,IO,alea_ruissellement_frequent,Inondation (Aléa ruissellement fréquent ou décennal)
2026-08-20T16:04:52+00:00,Argis,01017,Chemin de la Morandière,ZD,0072,IP,alea_ruissellement_moyen,Inondation (Aléa ruissellement moyen ou centennal)
2026-08-20T16:04:52+00:00,Argis,01017,Chemin de la Morandière,ZD,0072,IQ,alea_ruissellement_rare,Inondation (Aléa ruissellement rare ou milléniall)
2026-08-20T16:04:52+00:00,Argis,01017,Chemin de la Morandière,ZD,0072,IK,alea_submersion_frequent,Inondation (Aléa submersion fréquent ou décennal)
2026-08-20T16:04:52+00:00,Argis,01017,Chemin de la Morandière,ZD,0072,IL,alea_submersion_moyen,Inondation (Aléa submersion moyen ou centennal)
2026-08-20T16:04:52+00:00,Argis,01017,Chemin de la Morandière,ZD,0072,IM,alea_submersion_moyen_cc,Inondation (Aléa submersion moyen ou centennal avec prise en compte du changement climatique)
2026-08-20T16:04:52+00:00,Argis,01017,Chemin de la Morandière,ZD,0072,IN,alea_submersion_rare,Inondation (Aléa submersion rare ou millénial)
2026-08-20T16:04:52+00:00,Argis,01017,Chemin de la Morandière,ZD,0072,ID,ouvrage_protection_inondation,Inondation (Ouvrages de protection)
2026-08-20T16:04:52+00:00,Argis,01017,Chemin de la Morandière,ZD,0072,IG,territoire_risque_important_inondation,Inondation (Territoires à risues importants d'inondation)
2026-08-20T16:04:52+00:00,Argis,01017,Chemin de la Morandière,ZD,0072,IF,zone_soustraite_alea_inondation,Inondation (Zone soustraittes à l'aléa Inondation)
2026-08-20T16:04:52+00:00,Argis,01017,Chemin de la Morandière,ZD,0072,IE,zone_sur_alea_inondation,Inondation (Zone de sur-aléa Inondation)
2026-08-20T16:06:36+00:00,Argis,01017,Chemin de la Morandière,ZD,0076,IH,alea_debordement_frequent,Inondation (Aléa débordement de cours d'eau fréquent ou décennal
2026-08-20T16:06:36+00:00,Argis,01017,Chemin de la Morandière,ZD,0076,II,alea_debordement_moyen,Inondation (Aléa débordement de cours d'eau moyen ou centennal
2026-08-20T16:06:36+00:00,Argis,01017,Chemin de la Morandière,ZD,0076,IJ,alea_debordement_rare,Inondation (Aléa débordement de cours d'eau rare ou millénial
2026-08-20T16:06:36+00:00,Argis,01017,Chemin de la Morandière,ZD,0076,IO,alea_ruissellement_frequent,Inondation (Aléa ruissellement fréquent ou décennal)
2026-08-20T16:06:36+00:00,Argis,01017,Chemin de la Morandière,ZD,0076,IP,alea_ruissellement_moyen,Inondation (Aléa ruissellement moyen ou centennal)
2026-08-20T16:06:36+00:00,Argis,01017,Chemin de la Morandière,ZD,0076,IQ,alea_ruissellement_rare,Inondation (Aléa ruissellement rare ou milléniall)
2026-08-20T16:06:36+00:00,Argis,01017,Chemin de la Morandière,ZD,0076,IK,alea_submersion_frequent,Inondation (Aléa submersion fréquent ou décennal)
2026-08-20T16:06:36+00:00,Argis,01017,Chemin de la Morandière,ZD,0076,IL,alea_submersion_moyen,Inondation (Aléa submersion moyen ou centennal)
2026-08-20T16:06:36+00:00,Argis,01017,Chemin de la Morandière,ZD,0076,IM,alea_submersion_moyen_cc,Inondation (Aléa submersion moyen ou centennal avec prise en compte du changement climatique)
2026-08-20T16:06:36+00:00,Argis,01017,Chemin de la Morandière,ZD,0076,IN,alea_submersion_rare,Inondation (Aléa submersion rare ou millénial)
2026-08-20T16:06:36+00:00,Argis,01017,Chemin de la Morandière,ZD,0076,ID,ouvrage_protection_inondation,Inondation (Ouvrages de protection)
2026-08-20T16:06:36+00:00,Argis,01017,Chemin de la Morandière,ZD,0076,IG,territoire_risque_important_inondation,Inondation (Territoires à risues importants d'inondation)
2026-08-20T16:06:36+00:00,Argis,01017,Chemin de la Morandière,ZD,0076,IF,zone_soustraite_alea_inondation,Inondation (Zone soustraittes à l'aléa Inondation)
2026-08-20T16:06:36+00:00,Argis,01017,Chemin de la Morandière,ZD,0076,IE,zone_sur_alea_inondation,Inondation (Zone de sur-aléa Inondation)
2026-08-20T16:08:13+00:00,Argis,01017,Chemin de la Morandière,ZD,0074,IH,alea_debordement_frequent,Inondation (Aléa débordement de cours d'eau fréquent ou décennal
2026-08-20T16:08:13+00:00,Argis,01017,Chemin de la Morandière,ZD,0074,II,alea_debordement_moyen,Inondation (Aléa débordement de cours d'eau moyen ou centennal
2026-08-20T16:08:13+00:00,Argis,01017,Chemin de la Morandière,ZD,0074,IJ,alea_debordement_rare,Inondation (Aléa débordement de cours d'eau rare ou millénial
2026-08-20T16:08:13+00:00,Argis,01017,Chemin de la Morandière,ZD,0074,IO,alea_ruissellement_frequent,Inondation (Aléa ruissellement fréquent ou décennal)
2026-08-20T16:08:13+00:00,Argis,01017,Chemin de la Morandière,ZD,0074,IP,alea_ruissellement_moyen,Inondation (Aléa ruissellement moyen ou centennal)
2026-08-20T16:08:13+00:00,Argis,01017,Chemin de la Morandière,ZD,0074,IQ,alea_ruissellement_rare,Inondation (Aléa ruissellement rare ou milléniall)
2026-08-20T16:08:13+00:00,Argis,01017,Chemin de la Morandière,ZD,0074,IK,alea_submersion_frequent,Inondation (Aléa submersion fréquent ou décennal)
2026-08-20T16:08:13+00:00,Argis,01017,Chemin de la Morandière,ZD,0074,IL,alea_submersion_moyen,Inondation (Aléa submersion moyen ou centennal)
2026-08-20T16:08:13+00:00,Argis,01017,Chemin de la Morandière,ZD,0074,IM,alea_submersion_moyen_cc,Inondation (Aléa submersion moyen ou centennal avec prise en compte du changement climatique)
2026-08-20T16:08:13+00:00,Argis,01017,Chemin de la Morandière,ZD,0074,IN,alea_submersion_rare,Inondation (Aléa submersion rare ou millénial)
2026-08-20T16:08:13+00:00,Argis,01017,Chemin de la Morandière,ZD,0074,ID,ouvrage_protection_inondation,Inondation (Ouvrages de protection)
2026-08-20T16:08:13+00:00,Argis,01017,Chemin de la Morandière,ZD,0074,IG,territoire_risque_important_inondation,Inondation (Territoires à risues importants d'inondation)
2026-08-20T16:08:13+00:00,Argis,01017,Chemin de la Morandière,ZD,0074,IF,zone_soustraite_alea_inondation,Inondation (Zone soustraittes à l'aléa Inondation)
2026-08-20T16:08:13+00:00,Argis,01017,Chemin de la Morandière,ZD,0074,IE,zone_sur_alea_inondation,Inondation (Zone de sur-aléa Inondation)
2026-08-20T16:09:55+00:00,Argis,01017,Chemin de la Morandière,ZD,0071,IH,alea_debordement_frequent,Inondation (Aléa débordement de cours d'eau fréquent ou décennal
2026-08-20T16:09:55+00:00,Argis,01017,Chemin de la Morandière,ZD,0071,II,alea_debordement_moyen,Inondation (Aléa débordement de cours d'eau moyen ou centennal
2026-08-20T16:09:55+00:00,Argis,01017,Chemin de la Morandière,ZD,0071,IJ,alea_debordement_rare,Inondation (Aléa débordement de cours d'eau rare ou millénial
2026-08-20T16:09:55+00:00,Argis,01017,Chemin de la Morandière,ZD,0071,IO,alea_ruissellement_frequent,Inondation (Aléa ruissellement fréquent ou décennal)
2026-08-20T16:09:55+00:00,Argis,01017,Chemin de la Morandière,ZD,0071,IP,alea_ruissellement_moyen,Inondation (Aléa ruissellement moyen ou centennal)
2026-08-20T16:09:55+00:00,Argis,01017,Chemin de la Morandière,ZD,0071,IQ,alea_ruissellement_rare,Inondation (Aléa ruissellement rare ou milléniall)
2026-08-20T16:09:55+00:00,Argis,01017,Chemin de la Morandière,ZD,0071,IK,alea_submersion_frequent,Inondation (Aléa submersion fréquent ou décennal)
2026-08-20T16:09:55+00:00,Argis,01017,Chemin de la Morandière,ZD,0071,IL,alea_submersion_moyen,Inondation (Aléa submersion moyen ou centennal)
2026-08-20T16:09:55+00:00,Argis,01017,Chemin de la Morandière,ZD,0071,IM,alea_submersion_moyen_cc,Inondation (Aléa submersion moyen ou centennal avec prise en compte du changement climatique)
2026-08-20T16:09:55+00:00,Argis,01017,Chemin de la Morandière,ZD,0071,IN,alea_submersion_rare,Inondation (Aléa submersion rare ou millénial)
2026-08-20T16:09:55+00:00,Argis,01017,Chemin de la Morandière,ZD,0071,ID,ouvrage_protection_inondation,Inondation (Ouvrages de protection)
2026-08-20T16:09:55+00:00,Argis,01017,Chemin de la Morandière,ZD,0071,IG,territoire_risque_important_inondation,Inondation (Territoires à risues importants d'inondation)
2026-08-20T16:09:55+00:00,Argis,01017,Chemin de la Morandière,ZD,0071,IF,zone_soustraite_alea_inondation,Inondation (Zone soustraittes à l'aléa Inondation)
2026-08-20T16:09:55+00:00,Argis,01017,Chemin de la Morandière,ZD,0071,IE,zone_sur_alea_inondation,Inondation (Zone de sur-aléa Inondation)
2026-08-20T16:11:36+00:00,Argis,01017,Chemin de la Morandière,ZD,0064,IH,alea_debordement_frequent,Inondation (Aléa débordement de cours d'eau fréquent ou décennal
2026-08-20T16:11:36+00:00,Argis,01017,Chemin de la Morandière,ZD,0064,II,alea_debordement_moyen,Inondation (Aléa débordement de cours d'eau moyen ou centennal
2026-08-20T16:11:36+00:00,Argis,01017,Chemin de la Morandière,ZD,0064,IJ,alea_debordement_rare,Inondation (Aléa débordement de cours d'eau rare ou millénial
2026-08-20T16:11:36+00:00,Argis,01017,Chemin de la Morandière,ZD,0064,IO,alea_ruissellement_frequent,Inondation (Aléa ruissellement fréquent ou décennal)
2026-08-20T16:11:36+00:00,Argis,01017,Chemin de la Morandière,ZD,0064,IP,alea_ruissellement_moyen,Inondation (Aléa ruissellement moyen ou centennal)
2026-08-20T16:11:36+00:00,Argis,01017,Chemin de la Morandière,ZD,0064,IQ,alea_ruissellement_rare,Inondation (Aléa ruissellement rare ou milléniall)
2026-08-20T16:11:36+00:00,Argis,01017,Chemin de la Morandière,ZD,0064,IK,alea_submersion_frequent,Inondation (Aléa submersion fréquent ou décennal)
2026-08-20T16:11:36+00:00,Argis,01017,Chemin de la Morandière,ZD,0064,IL,alea_submersion_moyen,Inondation (Aléa submersion moyen ou centennal)
2026-08-20T16:11:36+00:00,Argis,01017,Chemin de la Morandière,ZD,0064,IM,alea_submersion_moyen_cc,Inondation (Aléa submersion moyen ou centennal avec prise en compte du changement climatique)
2026-08-20T16:11:36+00:00,Argis,01017,Chemin de la Morandière,ZD,0064,IN,alea_submersion_rare,Inondation (Aléa submersion rare ou millénial)
2026-08-20T16:11:36+00:00,Argis,01017,Chemin de la Morandière,ZD,0064,ID,ouvrage_protection_inondation,Inondation (Ouvrages de protection)
2026-08-20T16:11:36+00:00,Argis,01017,Chemin de la Morandière,ZD,0064,IG,territoire_risque_important_inondation,Inondation (Territoires à risues importants d'inondation)
2026-08-20T16:11:36+00:00,Argis,01017,Chemin de la Morandière,ZD,0064,IF,zone_soustraite_alea_inondation,Inondation (Zone soustraittes à l'aléa Inondation)
2026-08-20T16:11:36+00:00,Argis,01017,Chemin de la Morandière,ZD,0064,IE,zone_sur_alea_inondation,Inondation (Zone de sur-aléa Inondation)
2026-08-20T16:13:19+00:00,Argis,01017,Chemin de la Morandière,ZD,0068,IH,alea_debordement_frequent,Inondation (Aléa débordement de cours d'eau fréquent ou décennal
2026-08-20T16:13:19+00:00,Argis,01017,Chemin de la Morandière,ZD,0068,II,alea_debordement_moyen,Inondation (Aléa débordement de cours d'eau moyen ou centennal
2026-08-20T16:13:19+00:00,Argis,01017,Chemin de la Morandière,ZD,0068,IJ,alea_debordement_rare,Inondation (Aléa débordement de cours d'eau rare ou millénial
2026-08-20T16:13:19+00:00,Argis,01017,Chemin de la Morandière,ZD,0068,IO,alea_ruissellement_frequent,Inondation (Aléa ruissellement fréquent ou décennal)
2026-08-20T16:14:59+00:00,Argis,01017,Chemin de la Morandière,ZD,0066,IH,alea_debordement_frequent,Inondation (Aléa débordement de cours d'eau fréquent ou décennal
2026-08-20T16:14:59+00:00,Argis,01017,Chemin de la Morandière,ZD,0066,II,alea_debordement_moyen,Inondation (Aléa débordement de cours d'eau moyen ou centennal
2026-08-20T16:14:59+00:00,Argis,01017,Chemin de la Morandière,ZD,0066,IJ,alea_debordement_rare,Inondation (Aléa débordement de cours d'eau rare ou millénial
2026-08-20T16:14:59+00:00,Argis,01017,Chemin de la Morandière,ZD,0066,IO,alea_ruissellement_frequent,Inondation (Aléa ruissellement fréquent ou décennal)
2026-08-20T16:14:59+00:00,Argis,01017,Chemin de la Morandière,ZD,0066,IP,alea_ruissellement_moyen,Inondation (Aléa ruissellement moyen ou centennal)
2026-08-20T16:14:59+00:00,Argis,01017,Chemin de la Morandière,ZD,0066,IQ,alea_ruissellement_rare,Inondation (Aléa ruissellement rare ou milléniall)
2026-08-20T16:14:59+00:00,Argis,01017,Chemin de la Morandière,ZD,0066,IK,alea_submersion_frequent,Inondation (Aléa submersion fréquent ou décennal)
2026-08-20T16:14:59+00:00,Argis,01017,Chemin de la Morandière,ZD,0066,IL,alea_submersion_moyen,Inondation (Aléa submersion moyen ou centennal)
2026-08-20T16:14:59+00:00,Argis,01017,Chemin de la Morandière,ZD,0066,IM,alea_submersion_moyen_cc,Inondation (Aléa submersion moyen ou centennal avec prise en compte du changement climatique)
2026-08-20T16:14:59+00:00,Argis,01017,Chemin de la Morandière,ZD,0066,IN,alea_submersion_rare,Inondation (Aléa submersion rare ou millénial)
2026-08-20T16:14:59+00:00,Argis,01017,Chemin de la Morandière,ZD,0066,ID,ouvrage_protection_inondation,Inondation (Ouvrages de protection)
2026-08-20T16:14:59+00:00,Argis,01017,Chemin de la Morandière,ZD,0066,IG,territoire_risque_important_inondation,Inondation (Territoires à risues importants d'inondation)
2026-08-20T16:14:59+00:00,Argis,01017,Chemin de la Morandière,ZD,0066,IF,zone_soustraite_alea_inondation,Inondation (Zone soustraittes à l'aléa Inondation)
2026-08-20T16:14:59+00:00,Argis,01017,Chemin de la Morandière,ZD,0066,IE,zone_sur_alea_inondation,Inondation (Zone de sur-aléa Inondation)
2026-08-20T16:16:40+00:00,Argis,01017,Chemin de la Morandière,ZD,0067,IH,alea_debordement_frequent,Inondation (Aléa débordement de cours d'eau fréquent ou décennal
2026-08-20T16:16:40+00:00,Argis,01017,Chemin de la Morandière,ZD,0067,II,alea_debordement_moyen,Inondation (Aléa débordement de cours d'eau moyen ou centennal
2026-08-20T16:16:40+00:00,Argis,01017,Chemin de la Morandière,ZD,0067,IJ,alea_debordement_rare,Inondation (Aléa débordement de cours d'eau rare ou millénial
2026-08-20T16:16:40+00:00,Argis,01017,Chemin de la Morandière,ZD,0067,IO,alea_ruissellement_frequent,Inondation (Aléa ruissellement fréquent ou décennal)
2026-08-20T16:16:40+00:00,Argis,01017,Chemin de la Morandière,ZD,0067,IP,alea_ruissellement_moyen,Inondation (Aléa ruissellement moyen ou centennal)
2026-08-20T16:16:40+00:00,Argis,01017,Chemin de la Morandière,ZD,0067,IQ,alea_ruissellement_rare,Inondation (Aléa ruissellement rare ou milléniall)
2026-08-20T16:16:40+00:00,Argis,01017,Chemin de la Morandière,ZD,0067,IK,alea_submersion_frequent,Inondation (Aléa submersion fréquent ou décennal)
2026-08-20T16:16:40+00:00,Argis,01017,Chemin de la Morandière,ZD,0067,IL,alea_submersion_moyen,Inondation (Aléa submersion moyen ou centennal)
2026-08-20T16:16:40+00:00,Argis,01017,Chemin de la Morandière,ZD,0067,IM,alea_submersion_moyen_cc,Inondation (Aléa submersion moyen ou centennal avec prise en compte du changement climatique)
2026-08-20T16:16:40+00:00,Argis,01017,Chemin de la Morandière,ZD,0067,IN,alea_submersion_rare,Inondation (Aléa submersion rare ou millénial)
2026-08-20T16:16:40+00:00,Argis,01017,Chemin de la Morandière,ZD,0067,ID,ouvrage_protection_inondation,Inondation (Ouvrages de protection)
2026-08-20T16:16:40+00:00,Argis,01017,Chemin de la Morandière,ZD,0067,IG,territoire_risque_important_inondation,Inondation (Territoires à risues importants d'inondation)
2026-08-20T16:16:40+00:00,Argis,01017,Chemin de la Morandière,ZD,0067,IF,zone_soustraite_alea_inondation,Inondation (Zone soustraittes à l'aléa Inondation)
2026-08-20T16:16:40+00:00,Argis,01017,Chemin de la Morandière,ZD,0067,IE,zone_sur_alea_inondation,Inondation (Zone de sur-aléa Inondation)
2026-08-20T16:18:18+00:00,Argis,01017,Chemin de la Morandière,ZD,0070,IH,alea_debordement_frequent,Inondation (Aléa débordement de cours d'eau fréquent ou décennal
2026-08-20T16:18:18+00:00,Argis,01017,Chemin de la Morandière,ZD,0070,II,alea_debordement_moyen,Inondation (Aléa débordement de cours d'eau moyen ou centennal
2026-08-20T16:18:18+00:00,Argis,01017,Chemin de la Morandière,ZD,0070,IJ,alea_debordement_rare,Inondation (Aléa débordement de cours d'eau rare ou millénial
2026-08-20T16:18:18+00:00,Argis,01017,Chemin de la Morandière,ZD,0070,IO,alea_ruissellement_frequent,Inondation (Aléa ruissellement fréquent ou décennal)
2026-08-20T16:18:18+00:00,Argis,01017,Chemin de la Morandière,ZD,0070,IP,alea_ruissellement_moyen,Inondation (Aléa ruissellement moyen ou centennal)
2026-08-20T16:18:18+00:00,Argis,01017,Chemin de la Morandière,ZD,0070,IQ,alea_ruissellement_rare,Inondation (Aléa ruissellement rare ou milléniall)
2026-08-20T16:18:18+00:00,Argis,01017,Chemin de la Morandière,ZD,0070,IK,alea_submersion_frequent,Inondation (Aléa submersion fréquent ou décennal)
2026-08-20T16:18:18+00:00,Argis,01017,Chemin de la Morandière,ZD,0070,IL,alea_submersion_moyen,Inondation (Aléa submersion moyen ou centennal)
2026-08-20T16:18:18+00:00,Argis,01017,Chemin de la Morandière,ZD,0070,IM,alea_submersion_moyen_cc,Inondation (Aléa submersion moyen ou centennal avec prise en compte du changement climatique)
2026-08-20T16:18:18+00:00,Argis,01017,Chemin de la Morandière,ZD,0070,IN,alea_submersion_rare,Inondation (Aléa submersion rare ou millénial)
2026-08-20T16:18:18+00:00,Argis,01017,Chemin de la Morandière,ZD,0070,ID,ouvrage_protection_inondation,Inondation (Ouvrages de protection)
2026-08-20T16:18:18+00:00,Argis,01017,Chemin de la Morandière,ZD,0070,IG,territoire_risque_important_inondation,Inondation (Territoires à risues importants d'inondation)
2026-08-20T16:18:18+00:00,Argis,01017,Chemin de la Morandière,ZD,0070,IF,zone_soustraite_alea_inondation,Inondation (Zone soustraittes à l'aléa Inondation)
2026-08-20T16:18:18+00:00,Argis,01017,Chemin de la Morandière,ZD,0070,IE,zone_sur_alea_inondation,Inondation (Zone de sur-aléa Inondation)
